name,homepage,borough,michelin_category,notes,resolver_status,candidate_title,candidate_snippet,search_query
Sushi Akira,https://sushiakiranyc.com/,Manhattan,selected,,resolved,Sushi Akira,"An intimate 12-seat omakase experience on the Upper East Side. Helmed by Chef Nikki, Sushi Akira brings Michelin-level precision, artistry, and service.",Sushi Akira Manhattan restaurant official site
Lei,https://www.leiwine.nyc/,Manhattan,selected,,resolved,Lei NYC,ABOUT · MENU · BOOKINGS · EVENTS · CONTACT · GIFT CARDS.,Lei Manhattan restaurant official site
Comal,https://www.comal-nyc.com/,Manhattan,selected,,resolved,COMAL NYC,"Location. 116 Forsyth st. New York, NY ; Contact. info@comal-nyc.com · (646) 988 9678 ; Hours. Tuesday — Saturday 5PM — 12AM ; gift cards ...",Comal Manhattan restaurant official site
Smithereens,https://www.smithereensnyc.com/,Manhattan,selected,,resolved,Smithereens NYC,Smithereens. home · menus · book · about · accessibility · gift cards · store · zine. Open ... hello@smithereensnyc.com.,Smithereens Manhattan restaurant official site
La Dong,https://www.ladongnyc.com/,,,,resolved,La Dong | Vietnamese Food in Union square | New York,"La Dong, We are serving Modern Vietnamese Food in an Asian Colonial house setting near Union square. Not only you will get to experience our recipe from ...",La Dong NYC restaurant official site
Sushi Sho,https://www.sushi-sho.com/,,,,resolved,SUSHI SHO,Online reservations are required in advance and there is a minimum charge of $190 per diner (excludes tax). Children under the age of 13 are not allowed.,Sushi Sho NYC restaurant official site
Four Twenty Five,https://www.425parkrestaurant.com/,,,,resolved,"Four Twenty Five, a Jean-Georges Restaurant","Four Twenty Five is a Contemporary, Elevated Restaurant in Midtown Manhattan, NY.",Four Twenty Five NYC restaurant official site
One White Street,https://onewhitestreetnyc.com/,,,,resolved,One White Street,"One White Street is a neighborhood restaurant in downtown New York City. Located in a historic Tribeca townhouse, One White Street is a place to feel at home.",One White Street NYC restaurant official site
Le Pavillon,https://www.lepavillonnyc.com/,,,,resolved,Le Pavillon NYC | Midtown Seafood-Focused Dining from ...,"Executive Chef Will Nacev presents an innovative menu highlighting seafood and vegetable-forward cuisine, while paying homage to french tradition and New York's ...",Le Pavillon NYC restaurant official site
Hyun,https://www.hyunnyc.com/,,,,resolved,Stylish & minimalist Korean barbecue restaurant in NYC,,Hyun NYC restaurant official site
Soothr,https://soothrlic.com/,,,,resolved,"Soothr LIC - Long Island City, NY","The food is incredible—their dungeness crab was our favorite. The atmosphere is lively, yet family friendly. The staff was so friendly. For a restaurant that ...",Soothr NYC restaurant official site
Ruffian,https://ruffian.menu-world.com/,,,,resolved,Ruffian: A Culinary Haven for Seasonal and Innovative Dining ...,"Ruffian, located at 125 E 7th St, New York, NY, presents a delightful culinary experience that blends Eastern European, Eurasian, and Middle Eastern flavors.",Ruffian NYC restaurant official site
Bohemian Spirit,https://bohemianspiritrestaurant.com/,,,,resolved,Bohemian Spirit Restaurant,"Bohemian Spirit Restaurant. 321 E 73rd Street, New York, NY 10021. (212) 861-1038. Hours - kitchen closes 90 minutes prior to closing time (dinner). Open today.",Bohemian Spirit NYC restaurant official site
Huso,https://husony.com/,,,,resolved,Huso – Husony,"Nestled within Marky's Caviar in Tribeca, One MICHELIN Star Huso brings its singular fine-dining experience downtown under Executive Chef Buddha Lo and his team.",Huso NYC restaurant official site
Muku,https://www.restaurantmuku.nyc/,,,,resolved,muku,Skip to Content. restaurantmuku · Upcoming Events · Home · About · Menu · Beverage · Reservations · Press · Gift Card · Info & Directions.,Muku NYC restaurant official site
Adda,https://www.addanyc.com/,,,,resolved,Adda NYC,"Location. 107 1st Ave New York, NY 10003. Press: press@uafoods.nyc. General Inquiries: hello@addanyc.com. Hours. Tuesday — Sunday 5pm — 10pm.",Adda NYC restaurant official site
Bánh Anh Em,http://banhanhem.com/,,,,resolved,Bánh Anh Em,,Bánh Anh Em NYC restaurant official site
Bridges,https://www.bridges-nyc.com/,,,,resolved,Bridges NYC,"9 Chatham Sq, New York, New York 10038.",Bridges NYC restaurant official site
Yamada,https://www.yamadanewyork.com/,,,,resolved,Yamada,"Yamada is a chef's counter kaiseki restaurant helmed by Chef Isao Yamada, a trailblazer of NYC's earliest kaiseki dining experiences. Yamada will host two ...",Yamada NYC restaurant official site
Crane Club,https://taogroup.com/venues/crane-club-restaurant-new-york/menu,,,,resolved,View Our Menu | Crane Club Restaurant New York,"Explore Crane Club's curated menu led by Michelin-starred Chef Melissa Rodriguez, offering a menu that highlights seasonal ingredients prepared over wood ...",Crane Club NYC restaurant official site
Ishq,https://www.ishq.nyc/,,,,resolved,ISHQ Restaurant East Village New York – Indian Restaurant ...,"At Ishq, tradition meets innovation on every plate. The dishes are steeped in authenticity, drawing from the rich culinary heritage of India's diverse regions.",Ishq NYC restaurant official site
Dame,https://www.damenewyork.com/,,,,resolved,Dame Restaurant,"An English seafood restaurant in New York City with a playful wine list & a disco soundtrack ... Dame. 87 MacDougal Street New York, NY 10012. Monday ...",Dame NYC restaurant official site
Yellow Rose,https://www.yellowrosenyc.com/,,,,resolved,Yellow Rose | Genuine Cosmic Texas Cookin',"Texans in NYC serving up tacos on house-made tortillas, margaritas, cold beer, creative cocktails & seasonal dishes. Located in New York, NY.",Yellow Rose NYC restaurant official site
Manhatta,https://www.manhattarestaurant.com/,,,,resolved,"Manhatta | New American Restaurant in New York, NY","Manhatta is a modern New York restaurant, inspired by the unmatched energy of our city. Our ever-evolving menu draws on traditional techniques and global ...",Manhatta NYC restaurant official site
Tsukimi,https://tsukimi.goto-where.com/,,,,resolved,Tsukimi - An Exquisite Japanese Dining Experience Awaits in ...,"Discover Tsukimi in New York City, a hidden gem offering a refined Kaiseki and Omakase experience. Delight in beautifully presented dishes made from ...",Tsukimi NYC restaurant official site
Chola,https://www.cholany.com/,,,,resolved,CHOLA,"Steeped in tradition and culinary excellence, Chola is the creation of Shiva Natarajan, the visionary who pioneered the Indian dining scene in New York City.",Chola NYC restaurant official site
Maison Passerelle,https://maisonpasserellenyc.com/,,,,resolved,Maison Passerelle - A Fine Dining Experience at Printemps ...,"Dine With Us! Enter via our dedicated entrance on Broadway, just south of Wall Street, in the heart of New York City's Financial District.",Maison Passerelle NYC restaurant official site
Shabushabu Mayumon,https://www.shabushabumayumon.com/,,,,resolved,Shabushabu Mayumon,"Flexible Dining Hours ... Reservations are now available between 4:30pm and 8:30pm at your convenience (last seating at 8:30pm, close at 10:30pm). Relax, unwind, ...",Shabushabu Mayumon NYC restaurant official site
Santi,https://www.santinyc.com/,,,,resolved,Stylish Italian Restaurant in Midtown East NYC | Santi by ...,"Experience fine dining at Santi, our upscale Italian restaurant in midtown east by Michelin-star rated chef Michael White near MoMA and Rockefeller Center.",Santi NYC restaurant official site
Cafe Commerce,https://www.cafecommercenyc.com/,,,,resolved,CAFE COMMERCE | Reserve Now,Chef Harold Moore's bistronomy-driven menu melds the vibrant spirit of New York with the soulful essence of France. Whether you are visiting for a quiet ...,Cafe Commerce NYC restaurant official site
Crevette,https://www.crevettenyc.com/,,,,resolved,Crevette,Home · Menu · Reserve · Shop · Press · Crevette · Gift Cards. Open Menu Close Menu. Home · Menu · Reserve · Shop · Press · Crevette · Gift Cards. Open Menu ...,Crevette NYC restaurant official site
Massara,https://www.massara.nyc/,,,,resolved,Massara NYC,"Hours & Location · About · Menus · Gift Cards · Contact · Private Events · La Grande Tavola · Careers; Reservations. Instagram · 48 E 26th Street, New York, ...",Massara NYC restaurant official site
Corima,https://www.corimanyc.com/,,,,resolved,CORIMA,Home · About · Menu · Gallery · Store · RESERVATIONS · ENG/ESP. Corima Logo. media loading. Play Pause.,Corima NYC restaurant official site
See No Evil Pizza,https://seenoevilpizza.com/,,,,resolved,"See No Evil Pizza - Times Square, New York City, NY","See No Evil Pizza on West 50th Street serves bold thin-crust pizza, small plates, and soft serve in an NYC subway-level spot with an 80s punk vibe.",See No Evil Pizza NYC restaurant official site
Jua,https://jua.weeblyte.com/,,,,resolved,Jua - Korean restaurant in New York State - Website,"Address: 36 E 22nd St, New York, NY 10010, United States Phone: +1 646 590 1598. Social Media. Suggest an Edit. This is not the official website. Content is ...",Jua NYC restaurant official site
J.G. Melon,https://jgmelon-nyc.com/,,,,resolved,JG Melon,... .jpg. Funky_Melon.jpg. Front_Room.jpg. Cook_Juke_Box.jpg. Burger_Cook_Window.jpg. Bar_2.jpg. Back_Room.jpg. 524A0693.jpg. JG.Melon.est.1972.white.png. Enter.,J.G. Melon NYC restaurant official site
Sushi Yasuda,https://www.sushiyasuda.com/,,,,resolved,Sushi Yasuda,Sushi Yasuda. 204 East 43rd Street New York City 10017 tel 212.972.1001.,Sushi Yasuda NYC restaurant official site
Don Antonio,https://www.donantoniopizza.com/,,,,resolved,Don Antonio | Authentic Neapolitan Pizza in New York,"Located in the heart of Hell's Kitchen and the Theatre District, Don Antonio brings the authentic flavors of Neapolitan pizza to Midtown Manhattan.",Don Antonio NYC restaurant official site
Bayon,https://www.bayona.com/,,,,resolved,Welcome to Bayona Restaurant | A Taste of New Orleans,"Since 1990, BAYONA has been a staple in the romantic New Orleans French Quarter with the vision of providing fine dining in a comfortable, casual setting.",Bayon NYC restaurant official site
Cheli,https://www.che-li.com/,,,,resolved,Che Li | Chinese Restaurant in NY,"Nestled in the heart of New York, Che Li presents a distinctive dining experience, weaving together the rich tapestry of Song Dynasty banquet culture.",Cheli NYC restaurant official site
Dagon,https://www.dagonnyc.com/,,,,resolved,"Dagon | Mediterranean Restaurant in New York, NY","Dagon is an Elevated Mediterranean restaurant serving wine and craft cocktails, brunch, lunch, dinner, and dessert. Located at 2454 Broadway at W. 91st St ...",Dagon NYC restaurant official site
Cho Dang Gol,https://chodanggolnyc.com/,,,,resolved,Cho Dang Gol,Homemade Tofu Specialty Korean Restaurant in NYC Since 1997 ; Monday to Thursday ; Lunch 12pm - 2:30pm ; Dinner 5pm - 9:30pm.,Cho Dang Gol NYC restaurant official site
Lobster Club,https://thelobsterclub.com/,,,,resolved,The Lobster Club | Major Food Group | New York Restaurant,The Lobster Club is a Japanese Brasserie by Major Food Group that celebrates a unique interpretation of Japanese cooking and Sushi.,Lobster Club NYC restaurant official site
Laliko,https://laliko.com/,,,,resolved,Laliko: HOME,Well worthy of its Michelin recognition! LALIKO is a beautifully curated Georgian restaurant. Between the beautiful wall murals showing points of cultural ...,Laliko NYC restaurant official site
Markette,https://www.marketterestaurant.com/,,,,resolved,Markette | European Caribbean Restaurant in Chelsea NYC,Markette is a Modern European with Caribbean influence restaurant located in Chelsea NYC in the heart of Manhattan. Our dinner-focused menu blends refined ...,Markette NYC restaurant official site
Ly Ly Vietnam Cookhouse,https://www.lylynyc.com/,,,,resolved,Ly Ly Vietnam Cookhouse,"Vietnamese food. Tiki bar. Great times. · 306 E 81st Street New York, NY 10028 · 347-251-9060 · Monday — Thursday 12 pm — 3:30 pm 5 pm — 9:30 pm · Friday — Sunday",Ly Ly Vietnam Cookhouse NYC restaurant official site
Bartolo,https://www.bartolonyc.com/,,,,resolved,Bartolo,Skip to Content. Shop · Menu. Gift Card. Purchase Gift Card · Check Gift Card Balance · Cookbook · Events · Contact · Bartolo · RESERVATIONS.,Bartolo NYC restaurant official site
La Tête d'Or,https://www.latetedorbydaniel.com/,,,,resolved,La Tête d'Or - NYC,"Our menu features Chef Boulud's distinctively French take on steakhouse classics, showcasing celebrated dishes like wagyu beef, lobster, and tableside-carved ...",La Tête d'Or NYC restaurant official site
Forsythia,https://www.forsythianyc.com/,,,,resolved,Forsythia NYC,Forsythia NYC ... Open Menu Close Menu. Events · Pasta Classes · RESERVATIONS · About. Menus. Food · Cocktails · Wine · Press · Location & Hours · Events · Pasta ...,Forsythia NYC restaurant official site
Le Veau d'Or,https://www.lvdnyc.com/,,,,resolved,Le Veau d'Or,"Established in 1937, Le Veau d'Or reopened under neo-bistro extraordinaires, Chefs Riad Nasr and Lee Hanson of Frenchette and Le Rock.",Le Veau d'Or NYC restaurant official site
Kochi,https://www.kochinyc.com/,,,,resolved,"Korean Restaurant in NYC - KOCHI, 꼬치 한식당","Kochi offers a eight-course tasting menu, which may be supplemented by an abalone course, that is an homage to Korean royal cuisine, inspired by street food.",Kochi NYC restaurant official site
The Leopard at Des Artistes,https://www.theleopardnyc.com/,,,,resolved,"The Leopard at des Artistes | Italian Restaurant in New York, NY","It brings great sadness to announce that after 15 years in business, we said goodbye to our beautiful location on 67th Street. Over the past few years, the ...",The Leopard at Des Artistes NYC restaurant official site
Frevo,https://frevonyc.com/,,,,resolved,Experience Frevo: NYC's Hidden Michelin Star Restaurant ...,"Experience FREVO, a Michelin-starred restaurant in NYC, blending exquisite cuisine with art in a unique dining atmosphere.",Frevo NYC restaurant official site
Persepolis,https://www.persepolisnewyork.com/,,,,resolved,Persepolis Restaurant New York - The Best Persian Cuisine in ...,"Located in Upper East Side of New York City, Persepolis serves Authentic Persian cuisine in a modern, elegant setting. · PLACE YOUR ORDER NOW! · Lamb Shank.",Persepolis NYC restaurant official site
Caviar Russe,https://caviarrusse.com/,,,,resolved,Caviar Russe | Buy Caviar Online | Miami & New York,"Caviar Russe New York is located at 538 Madison Avenue, in Midtown Manhattan. Where does Caviar come from? Traditionally, the sturgeon which produce caviar, ...",Caviar Russe NYC restaurant official site
Oso,http://www.osoharlem.com/,,,,resolved,oso,"Oso is a restaurant located in Hamilton Heights, Harlem, New York City, serving Mexico City street-inspired food. The dinner menu consists of traditional ...",Oso NYC restaurant official site
Benoit,https://benoit.res-menu.net/,,,,resolved,Benoit: Discover Exquisite French Dining in NYC,"Located at 60 W 55th St, Benoit is a classy yet casual restaurant that caters to a diverse range of preferences. Whether you are looking for a romantic ...",Benoit NYC restaurant official site
Izakaya Futago,https://www.izakaya-futago.com/,,,,resolved,Soba Totto NYC,The Story of Izakaya Futago · Discover creative Japanese cuisine · A Drink That Unwinds Your Soul · Tranquil Japan×Elegant NYC · Izakaya Futago.,Izakaya Futago NYC restaurant official site
Ai Fiori,https://aifiorinyc.com/,,,,resolved,Ai Fiori NYC | Modern Italian-French Cuisine in Midtown ...,"Ai Fiori offers modern Italian cuisine on 5th Avenue in Midtown NYC. View our seasonal menu, award-winning wine list, and signature cocktails.",Ai Fiori NYC restaurant official site
Thai Diner,https://www.thaidiner.com/,,,,resolved,Thai Diner,186 MOTT STREET NYC 10012. HOME · TAKE-OUT & DELIVERY · MENU · RESERVATIONS · PRESS · ADA. Open Menu Close Menu. 186 MOTT STREET NYC 10012 · HOME · TAKE-OUT & ...,Thai Diner NYC restaurant official site
II Fiorista,https://www.ilfioristanyc.com/,,,,resolved,"Il Fiorista | Restaurant, Floral Boutique & Education Center in ...","An Italian restaurant, bar and community education space that embraces local farming combined with beautiful benefits of botanicals.",II Fiorista NYC restaurant official site
Don Angie,https://www.donangie.com/,,,,resolved,Don Angie,"Located in the West Village | 103 Greenwich Ave, New York, NY 10014.",Don Angie NYC restaurant official site
Torien,https://torien-nyc.com/,,,,resolved,Torien - Japanese Yakitori Omakase in NoHo - New York,Torien x Shōwa Hospitality brings yakitori omakase experience to New York. The first overseas branch of a famous Tokyo yakitori restaurant from Master Chef,Torien NYC restaurant official site
Raoul's,http://raouls.com/,,,,resolved,Raoul's,"Raoul's – 180 Prince St | New York, NY 10012 | Phone: 212.966. · By Subway: R, N to Prince St or C, E to Spring Street · are currently open 7 days a week for ...",Raoul's NYC restaurant official site
Aquavit,https://www.aquavit.org/,,,,resolved,Aquavit,"Aquavit offers exquisite seasonal Nordic cuisine in an incomparable restaurant setting, located in Park Avenue Tower at 65 East 55th Street.",Aquavit NYC restaurant official site
Katz's,https://katzsdelicatessen.com/,,,,resolved,Katz's Delicatessen - Since 1888 - NYC's oldest deli,NATIONWIDE SHIPPING. Get a true taste of NYC anywhere in the country ; IN-STORE MENU & MANHATTAN DELIVERY. NYC's best deli delivered hot & fresh ; CATERING MENU.,Katz's NYC restaurant official site
Tempura Matsui,https://www.tempuramatsui.com/,,,,resolved,Tempura Matsui,Tempura Matsui is the first authentic Tempura restaurant in New York City. We invites you to experience the fine art of cooking Tempura.,Tempura Matsui NYC restaurant official site
Le Coucou,https://le-coucou.weeblyte.com/,,,,resolved,Le Coucou - Restaurant in City Of New York - Website,"Le Coucou is a renowned destination for refined French dining, celebrated for its exceptional culinary offerings and elegant atmosphere.",Le Coucou NYC restaurant official site
Altro Paradiso,https://altroparadiso.com/,,,,resolved,"Altro Paradiso | Italian food, wine and cocktails in New York, NY","From globally acclaimed chef Ignacio Mattos, Altro Paradiso is an Italian restaurant in the heart of SoHo and an essential New York City dining destination.",Altro Paradiso NYC restaurant official site
Estela,https://estelanyc.com/,,,,resolved,"ESTELA | Modern American Restaurant In New York, NY","Estela is an intimate downtown bistro from chef Ignacio Mattos that can be experienced in many ways, whether it's a thrilling dinner in the dining room.",Estela NYC restaurant official site
Sushi Nakazawa New York,https://www.sushinakazawa.com/,,,,resolved,Sushi Nakazawa | New York,Sushi Nakazawa serves the omakase of Chef Daisuke Nakazawa. Within the twenty-course meal lies Chef Nakazawa's passion for sushi.,Sushi Nakazawa New York NYC restaurant official site
Novitá,https://novita.res-pick.com/,,,,resolved,"Novitá - Menu Highlights, Pricing & Where to Find It","Discover Novitá at 102 E 22nd St, NY—a cozy spot serving authentic Italian flavors with a modern twist. Perfect for a memorable meal in the heart of New York ...",Novitá NYC restaurant official site
Noda,https://www.noda.nyc/,,,,resolved,Noda NYC,"For private events, please email events@noda.nyc noda 37 West 20th Street New York, NY 10011. noda. Reservations. noda. 37 W 20th St,. New York,.",Noda NYC restaurant official site
Kubeh,https://www.eatkubeh.com/,,,,resolved,Kubeh,Happy Hour Daily 5pm - 7pm at our Bar! Reserve your Table for Passover! Skip to Content. Kubeh · Order.,Kubeh NYC restaurant official site
Barawine,https://www.barawine.com/,,,,resolved,Barawine,INDOOR DINING. DELIVERY/TAKE-OUT. Dinner. Monday-Thursday : 4pm-10pm. Friday-Saturday : 4pm-11pm. Sunday Brunch: Noon-4pm. Sunday Dinner: 4pm-10pm.,Barawine NYC restaurant official site
Jeju Noodle Bar,https://jejunoodlebar.com/,,,,resolved,Jeju Noodle Bar,"We're not a traditional restaurant—we serve our interpretation of dishes rooted in Korean tradition, bringing depth of flavor and culture to the table with the ...",Jeju Noodle Bar NYC restaurant official site
Le B,https://lebnyc.com/,,,,resolved,Le B NYC,Restaurant Le B. is located in the historic Greenwich Village neighborhood of New York City. One of only eleven restaurants in New York to be awarded a coveted ...,Le B NYC restaurant official site
Ariari,https://ariarinyc.com/,,,,resolved,Ariari,"Open Menu Close Menu. Ariari · About · Menu · Contact Us · Reservation · Order Online ... New York, NY 10003 info@ariarinyc.com · Accessibility statement.",Ariari NYC restaurant official site
Moody Tongue Sushi,https://www.moodytongue.com/,,,,resolved,Moody Tongue: Chicago Brewery & Restaurant Group,"Located in the West Village neighborhood of New York City, Moody Tongue Sushi offers a lively culinary experience showcasing specialty beers, cocktails, wines ...",Moody Tongue Sushi NYC restaurant official site
Tatiana,https://www.tatiananyc.com/,,,,resolved,Tatiana By Kwame Onwuachi | Afro-Caribbean Restaurant in ...,"Afro Caribbean-inspired dining with NYC influences from Chef Kwame Onwuachi, now at Lincoln Center.",Tatiana NYC restaurant official site
Hav & Mar,https://www.havandmar.com/,,,,resolved,Hav & Mar,"Menus · Hours & Location · Happenings · Private Dining · Gift Cards · DELIVERY · Press · Contact · About · Art & Design · FAQ · 245 11th Avenue, NY, ...",Hav & Mar NYC restaurant official site
Jean-Georges,https://www.jean-georgesrestaurant.com/,,,,resolved,Jean-Georges & Nougatine at Jean-Georges | Jean-Georges ...,Jean-Georges Vongerichten's critically acclaimed flagship offers the very best in fine dining. Awarded four stars by the New York Times and three Michelin ...,Jean-Georges NYC restaurant official site
Atera,https://ateranyc.com/,,,,resolved,Atera NYC,"We offer a seasonal, continuously evolving tasting menu. We offer wine pairings for $218 per person. We also have wines by the glass, an extensive bottle list, ...",Atera NYC restaurant official site
Little Alley,https://www.littlealley.nyc/,,,,resolved,Little Alley | NYC Chinese Restaurant,"Little Alley NYC restaurant is located in Manhattan at Murray Hill, serving authentic Shanghainese cuisine such as the infamous Soup Dumpling.",Little Alley NYC restaurant official site
La Mercerie,https://la-mercerie.weeblyte.com/,,,,resolved,La Mercerie - Restaurant in New York State - Website,"La Mercerie stands as a captivating culinary destination, seamlessly blending exquisite flavors with an inviting ambiance in the heart of SoHo.",La Mercerie NYC restaurant official site
Gabriel Kreuther,https://www.gknyc.com/,,,,resolved,Gabriel Kreuther Restaurant,"We create, manage, and operate a variety of unique destinations, experiences, and brands, all under the culinary expertise of Chef Gabriel Kreuther and ...",Gabriel Kreuther NYC restaurant official site
Café Boulud,https://cafeboulud.com/,,,,resolved,Café Boulud at Maison Barnes,Classic French cuisine in Manhattan's Upper East Side by Chef Daniel Boulud.,Café Boulud NYC restaurant official site
Pinch Chinese,https://www.pinchchinese.com/,,,,resolved,Pinch Chinese,"All Day Menu. Our all day menu is available every day. We offer brunch additions, at the bottom of the menu, on Saturday and Sunday from 12pm to 4:30pm.",Pinch Chinese NYC restaurant official site
Miss Lily's,https://www.misslilys.com/,,,,resolved,Miss Lily's,"Welcome to Miss Lily's, the celebrated Caribbean oasis in the heart of downtown New York City and international outposts in Dubai and Negril.",Miss Lily's NYC restaurant official site
Fasano,https://www.fasanorestaurantny.com/,,,,resolved,Fasano Restaurant: Home,"PRIVATE DINING & EVENTS. Fasano Restaurant features four beautifully appointed rooms and an array of bespoke menus that are suitable for private events, ranging ...",Fasano NYC restaurant official site
Carlotto,https://carlottonewyork.com/,,,,resolved,Carlotto New York | Urban Trattoria & Cocktail Bar | Union ...,"Carlotto is a modern urban trattoria honoring Italy's most celebrated regions. Featuring pastas made daily, Carlotto is set in a modern intimate space.",Carlotto NYC restaurant official site
The Commerce Inn,https://www.thecommerceinn.com/,,,,resolved,The Commerce Inn - The Commerce Inn,The Commerce Inn is an early American tavern and cookery from esteemed New York chefs Rita Sodi and Jody Williams.,The Commerce Inn NYC restaurant official site
Semma,https://www.semma.nyc/,,,,resolved,Semma.nyc,"Semma is a bold, clear-eyed expression of Southern Indian cuisine, rooted in the traditions of Tamil Nadu and brought to life by Chef Vijay Kumar.",Semma NYC restaurant official site
Carne Mare,https://www.carnemare.com/,,,,resolved,Carne Mare | An Italian Chophouse by Chef Andrew ...,"Carne Mare is an Italian Chophouse by Chef Andrew Carmellini offering prime cuts of steaks, fine seafood, and Italian specialties.",Carne Mare NYC restaurant official site
Veerays,https://www.veerays.com/,,,,resolved,Veerays: The best Indian Restaurant in New York | 213 E 45th ...,"Welcome to Veerays, NYC's first Indian speakeasy restaurant located in Midtown East. · Recognized by the MICHELIN Guide 2025, our menu—crafted by Michelin- ...",Veerays NYC restaurant official site
Oceans,https://oceansnewyork.com/,,,,resolved,Oceans | Locally & Globally Sourced Seafood & Sushi | Best ...,"Discover an elegant yet approachable seafood dining experience in the heart of New York City. Fresh, locally and globally sourced ingredients and warm ...",Oceans NYC restaurant official site
Dhamaka,https://www.dhamaka.nyc/,,,,resolved,Dhamaka (NYC),Dhamaka is an Unapologetic Foods restaurant celebrating the forgotten side of India. Located at Essex Market on the Lower East Side.,Dhamaka NYC restaurant official site
Tha Phraya,https://tha-phraya.weeblyte.com/,,,,resolved,Tha Phraya - Thai restaurant in City Of New York - Website,Tha Phraya offers an enticing array of traditional Thai cuisine highlighting signature dishes such as Crab Fried Rice and aromatic Khao Soi with creamy coconut ...,Tha Phraya NYC restaurant official site
Nami Nori,https://www.naminori.us/,,,,resolved,NAMI NORI,"Located in the West Village of New York City, Nami Nori is a casual temaki bar specializing in open-style sushi hand rolls.",Nami Nori NYC restaurant official site
Portale,https://www.portalerestaurant.com/,,,,resolved,"Portale | Contemporary Italian Restaurant in New York, NY",Portale restaurant is designed to be a beautiful space featuring a contemporary Italian menu.,Portale NYC restaurant official site
Farra,https://www.farranyc.com/,,,,resolved,Farranyc.com,"Farra is a 24-seat wine bar with a full a la carte menu, located just a few doors down from our sister restaurant Atera. Farra offers an extensive wine list",Farra NYC restaurant official site
Wayan,https://www.wayan-restaurants.com/,,,,resolved,Wayan by Cedric Vongerichten,"Wayan offers Indonesian cuisine with a modern French flair, in a sleek space warmed by teak paneling, lush plants, and whitewashed brick.",Wayan NYC restaurant official site
Szechuan Gourmet,https://www.szechuangourment.com/,,,,resolved,Szechuan Gourmet - Chinese Restaurant | Online Order | New ...,"Located in the heart of Midtown Manhattan, Szechuan Gourmet offers an authentic taste of Sichuan cuisine right in New York City. Known for our bold spices, rich ...",Szechuan Gourmet NYC restaurant official site
Saga,https://www.saga-nyc.com/,,,,resolved,Saga NYC,Saga is a 2-Michelin Starred fine-dining restaurant in New York City offering a seasonal tasting menu ... reservations@saga-nyc.com. Open Five Days a Week ...,Saga NYC restaurant official site
Eléa,https://eleanyc.com/,,,,resolved,Elea NYC | Authentic Greek Restaurant Upper West Side,"Authentic Greek restaurant on the Upper West Side offering refined Mediterranean cuisine, fresh seafood, and elegant dining near Central Park.",Eléa NYC restaurant official site
Misson Ceviche,https://missionceviche.com/,,,,resolved,Mission Ceviche | Best Peruvian Restaurant in NYC,"Mission Ceviche is New York City's premier Peruvian restaurant with locations on the Upper East Side and Union Square. Enjoy the best ceviche in NYC, ...",Misson Ceviche NYC restaurant official site
Yoshino,https://www.yoshinonewyork.com/,,,,resolved,YOSHINO · NEW YORK,Reservations · Restaurant · Chef · Film · Contact.,Yoshino NYC restaurant official site
Orsay,https://www.orsayrestaurant.com/,,,,resolved,Orsay: Upper East Side French Restaurant,Orsay marries modern French and classic brasserie fare with an award-winning wine list including 225 predominantly French and American varietals.,Orsay NYC restaurant official site
HanGawi,https://hangawirestaurant.com/,,,,resolved,"Hangawi Restaurant – Hangawi, Rooted in the principles of ...","12 East 32nd street, New York, NY 10016. Tel: 212 213 0077. Email: ...",HanGawi NYC restaurant official site
Gallaghers,https://www.gallaghersnysteakhouse.com/,,,,resolved,"Home | Gallaghers Steakhouse in NYC and Boca Raton, FL","Gallaghers Steakhouse is a legendary NYC spot serving dry-aged prime steaks in a classic, old-school setting near Broadway since 1927. Location in New York ...",Gallaghers NYC restaurant official site
Masa,https://www.masanyc.com/,,,,resolved,Masa NYC,"Culinary destination by acclaimed chef masa takayama located 10 columbus circle, The shops at columbus circle, 4th floor, new york, ny 10019.",Masa NYC restaurant official site
Cafe Sabarsky,https://cafesabarsky.shop/,,,,resolved,Café Sabarsky: A Jewel of Austrian Cuisine in NYC,"Café Sabarsky, nestled within the elegant confines of the Neue Galerie on New York's Upper East Side, offers an exquisite taste of Austro-Hungarian cuisine.",Cafe Sabarsky NYC restaurant official site
Cote,https://www.cotekoreansteakhouse.com/,,,,resolved,COTE Korean Steakhouse,COTE is America's first and only Michelin-starred Korean Steakhouse and the Best Steakhouse in North America.,Cote NYC restaurant official site
Upland,https://upland.weeblyte.com/,,,,resolved,Upland - Restaurant in City Of New York - Website,Upland's menu showcases an exquisite fusion of flavors with signature dishes ... This is not the official website. Content is updated by the community ...,Upland NYC restaurant official site
Avant Garden,https://www.avantgardennyc.com/,,,,resolved,Avant Garden | Upscale Plant-Based Restaurant,"Avant Garden is an essential plant-based restaurant in the NYC restaurant scene, emphasizing fresh, natural vegetables and global flavors.",Avant Garden NYC restaurant official site
Crown Shy,https://www.crownshy.nyc/,,,,resolved,Crown Shy | Downtown NYC,Crown Shy is a neighborhood seasonal restaurant elevated by fine dining training and technique.,Crown Shy NYC restaurant official site
Tolo,https://tolonyc.com/,,,,resolved,"Tolo | 28 Canal Street, New York City","Tolo is a restaurant by Ron Yan, a Chinese chef that has spent the past decade working in NYC's culinary scene. Tolo's menu features a range of dishes.",Tolo NYC restaurant official site
The Dining Room at The Guesthouse,https://the-dining-room-at-rh-guesthouse-new-york.wheree.com/,,,,resolved,The Dining Room at RH Guesthouse New York - Reviews ...,The Dining Room at RH Guesthouse New York presents an exquisite dining experience that seamlessly blends elegance with culinary excellence. Located in the ...,The Dining Room at The Guesthouse NYC restaurant official site
Little Myanmar,https://littlemyanmar.org/,,,,resolved,Little Myanmar | Home,A family-run restaurant serving authentic Burmese food with a full Halal menu and incredible vegan options.,Little Myanmar NYC restaurant official site
Le Rock,https://www.lerocknyc.com/,,,,resolved,"Home | Le Rock in New York, NY","An elevated brasserie from the award-winning chefs behind Frenchette and Le Veau d'Or, located in Rockefeller Center.",Le Rock NYC restaurant official site
Jōji,https://jojiny.com/,,,,resolved,Home - Jōji NY,Jojiny. SUSHI OMAKASE. JojiNyBox. SUSHI TAKEOUT AND DELIVERY. One Vanderbilt Avenue · info@jojiny.com · Jōji Box · Sign Up for Events and News Here joji.nyc.,Jōji NYC restaurant official site
Le Bernardin,https://www.le-bernardin.com/,,,,resolved,Le Bernardin by Eric Ripert | Home,"Le Bernardin earned four stars from The New York Times three months after its opening, never having dropped a star throughout six reviews, and is the only ...",Le Bernardin NYC restaurant official site
Kung Fu Little Steamed Buns Ramen,https://kungfutogo.com/,,,,resolved,Home | Kung Fu Little Steamed Buns Ramen (146 E 55th St),"© Copyright 2024 Kung Fu Little Steamed Buns Ramen (146 E 55th St). All Rights Reserved. 146 E 55th St, New York, NY 10022. Call us today: 212-804-8556 · Terms ...",Kung Fu Little Steamed Buns Ramen NYC restaurant official site
Tonchin,https://www.tonchinus.com/,,,,resolved,"Tonchin - New York, Brooklyn and LA",Japanese restaurant originated in Tokyo in 1992. Homemade noodles and Tonkotsu broth ... Tonchin New York. Tebasaki. Michelin star ramen. Best Tan Tan men.,Tonchin NYC restaurant official site
Tamarind,https://www.tamarindtribeca.com/,,,,resolved,Tamarind Tribeca – The Finest Indian Restaurant in NYC,"The Tamarind Tribeca, now at its new home is the definitive restaurant where one can experience Indian Cuisine in its purest form with a contemporary touch.",Tamarind NYC restaurant official site
Marea,https://www.marearestaurant.com/,,,,resolved,Marea | Coastal Italian Cuisine | NYC | Aspen | Beverly Hills,"Experience high-end coastal Italian cuisine at Marea in New York City, Beverly Hills, and Aspen. A sophisticated dining destination where elegance meets the ...",Marea NYC restaurant official site
The Musket Room,https://www.musketroom.com/,,,,resolved,"The Musket Room | New American Restaurant in New York, NY","The Musket Room in New York, NY, is a celebrated neighborhood restaurant offering a reliably indulgent experience, whether a special occasion or enjoying ...",The Musket Room NYC restaurant official site
Russ & Daughters Café,https://www.russanddaughters.com/,,,,resolved,Russ & Daughters - NYC,"Russ & Daughters is a New York culinary and cultural icon, known for the highest quality appetizing foods: smoked fish, caviar, bagels, bialys, babka, ...",Russ & Daughters Café NYC restaurant official site
Una Pizza Napoletana,https://unapizza.com/,,,,resolved,UNA PIZZA NAPOLETANA,Anthony Mangieri's legendary NYC pizzeria. Anthony Mangieri is a pioneer of Neapolitan-style pizza in the United States.,Una Pizza Napoletana NYC restaurant official site
abcV,https://www.abcv.nyc/,,,,resolved,"ABCV | American Restaurant in New York, NY","Plant-forward spot by Jean-Georges Vongerichten for seasonal plates, tonics & cocktails.",abcV NYC restaurant official site
Cosme,https://cosme.weeblyte.com/,,,,resolved,Cosme - Mexican restaurant in City Of New York - Website,"Address: 35 E 21st St, New York, NY 10010, United States Phone: +1 315 512 4131. Social Media. Suggest an Edit. This is not the official website. Content is ...",Cosme NYC restaurant official site
Dim Sum Go Go,https://www.dimsumgogonyc.com/,,,,resolved,"Dim Sum Go Go | Dim Sum Restaurant| Chinatown, NYC | 5 ...","Dim Sum Go Go NYC is a Michelin-rated gem nestled in the heart of Chinatown, renowned as the Best Dim Sum in New York City for over 24 years.",Dim Sum Go Go NYC restaurant official site
L'Abeille à Côté,https://www.labeilleacote.nyc/,,,,resolved,l'abeille à côté,l&#39;abeille à côté · Upcoming Events · About · Menus · Reservations · Info & Directions · Private Events · Press. Open Menu Close Menu. Open Menu Close Menu.,L'Abeille à Côté NYC restaurant official site
YingTao,https://www.yingtaonyc.com/,,,,resolved,yingtao,"+1 (845) 236-6577 info@yingtaonyc.com. Our team answers phone calls. Tuesday–Sunday, from 2:00–5:00 PM. For urgent matters or updates to your reservation,",YingTao NYC restaurant official site
El Fish Marisqueria,http://elfish67.com/,,,,resolved,El Fish Marisqueria,Fresh seafood spot featuring creative meals with a Mexican flair plus a lively bar for margaritas.,El Fish Marisqueria NYC restaurant official site
Pranakhon,https://pranakhonnyc.com/,,,,resolved,Pranakhon Thai Restaurant NYC,"Welcome to Pranakhon Thai Restaurant NYC, we invite you to come to come and explore the vibrant and diverse street food culture of Thailand.",Pranakhon NYC restaurant official site
Shmoné,https://www.shmonenyc.com/,,,,resolved,Shmoné: Home,"Shmoné is a One Michelin Star restaurant in Greenwich Village with intimate, ever-evolving culinary experience powered by the dynamism of Chef Eyal Shani.",Shmoné NYC restaurant official site
La Devozione: The Oval,https://www.ladevozionenyc.com/menu/the-oval,,,,resolved,"The Oval | La Devozione | Italian Restaurant in New York, NY","The Oval. A 30-seat, open kitchen serving a fine-dining pasta tasting menu. Helmed by Michelin-starred chef Peppe Guida, The Oval provides ...",La Devozione: The Oval NYC restaurant official site
Peak,https://www.peaknyc.com/,,,,resolved,Best Restaurants In NYC | Peak with Priceless NYC | Hudson ...,"Peak with Priceless is a stunning restaurant, bar, and event space located on the 101st floor of 30 Hudson Yards. Managed by Tao Group Hospitality, ...",Peak NYC restaurant official site
Gramercy Tavern,https://www.gramercytavern.com/,,,,resolved,Gramercy Tavern | New York,Danny Meyer's Flatiron District tavern offers tasting menus for lunch and dinner in the dining room. The bustling bar serves seasonal American cuisine and ...,Gramercy Tavern NYC restaurant official site
Minetta Tavern,https://www.minettatavernny.com/,,,,resolved,Minetta Tavern,"Menu. Minetta Tavern · Instagram · 113 MacDougal St, NYC · (212) 475-3850. Stay in Touch. Close. Reservations · Hours & Location · Menus · Private Events · Gift ...",Minetta Tavern NYC restaurant official site
Atla,https://www.eatatla.com/,,,,resolved,ATLA | Mexican Restaurant in NY & CA,"Everyday Mexican by CASAMATA offering simple and traditional yet inventive dishes as we understand it: no short-cuts, authentic, yet with a global ...",Atla NYC restaurant official site
Secchu Yokota,http://www.secchuyokota.com/,,,,resolved,Secchu Yokota,"Reservations are taken up to 14 days out - click here to access the “Location, Hours, Contact…..” page for details!",Secchu Yokota NYC restaurant official site
Seoul Salon,https://seoulsalon.nyc/,,,,resolved,SEOUL SALON,"FOR GENERAL INQUIRIES & PRESS AND MEDIA CONTACT. ︎︎︎INFO@SEOULSALON.NYC · ︎︎︎646-628-4628 · 28 W 33rd St. New York, NY 10001. Please note: This website includes an ...",Seoul Salon NYC restaurant official site
53,http://53-nyc.com/,,,,resolved,53 NYC | Contemporary Asian Restaurant in Midtown Manhattan,"Discover 53 NYC, a contemporary Asian restaurant in Midtown Manhattan beneath MoMA. Savor bold flavors in an art-infused setting—lunch, dinner & private ...",53 NYC restaurant official site
Oiji Mi,https://www.oijimi.com/,,,,resolved,Oiji MI,OIJI MI offers a creative contemporary Korean dining experience composed uniquely for NYC. Helmed by Owner and Executive Chef Brian Kim.,Oiji Mi NYC restaurant official site
8282,https://8282.weeblyte.com/,,,,resolved,8282 - Korean restaurant in New York State - Website,"Welcome to 8282, a celebrated establishment recognized in the Michelin Guide for its exceptional culinary offerings and vibrant atmosphere.",8282 NYC restaurant official site
Covacha,https://covacha.res-pick.com/,,,,resolved,"Covacha - Menu Highlights, Pricing & Where to Find It","Discover Covacha at 368 Columbus Ave, NYC—a cozy spot serving vibrant Latin flavors and craft cocktails. Perfect for lively nights and delicious bites! The ...",Covacha NYC restaurant official site
Joo Ok,https://joomaknyc.com/,,,,resolved,"Joomak - West Village, New York, NY","Experience the exclusive elegance of hosting your event at Joomak. Nestled within Maison Hudson, our Michelin-starred gem shines in the heart of West Village.",Joo Ok NYC restaurant official site
Odre,https://odrenyc.com/,,,,resolved,ODRE,cargo.site.,Odre NYC restaurant official site
Sempre Oggi,https://www.semprenyc.com/,,,,resolved,"Sempre Oggi | Italian Restaurant in New York, NY",Our brunch is quintessentially UWS with an Italian twist. Join us every Saturday and Sunday from 11am–3pm for a menu that blends tradition with seasonality.,Sempre Oggi NYC restaurant official site
Bungalow,https://www.bungalowny.com/,,,,resolved,Experience the Best Indian Cuisine at Bungalow NYC,"Originating from India, Rizvi is the mind driving Bungalow, the latest concept from the team behind GupShup, New York City's iconic modern Indian restaurant, ...",Bungalow NYC restaurant official site
Hyderabadi Zaiqa,https://hyderabadizaiqa.com/,,,,resolved,Hyderabadi Zaiqa,"Nestled in the heart of Manhattan, New York, Hyderabadi Zaiqa, offers an exquisite ambiance that seamlessly combines elegance and charm. Step inside and be ...",Hyderabadi Zaiqa NYC restaurant official site
Red Paper Clip,https://www.redpaperclip.nyc/,,,,resolved,RED PAPER CLIP,Red Paper Clip is an intimate neighborhood restaurant tucked away on Christopher Street in the West Village. We serve modern seasonal cuisine.,Red Paper Clip NYC restaurant official site
Sami & Susu,https://www.samiandsusu.com/,,,,resolved,Sami & Susu - Restaurant & Wine Bar,"Sami & Susu is a Michelin-Bib Gourmand restaurant and wine bar, taking influences from the Mediterranean, New York City, and family recipes.",Sami & Susu NYC restaurant official site
Papa San,https://www.papasannyc.com/,,,,resolved,"Papa San | Peruvian Restaurant in New York, NY","We are a neighborhood restaurant located in New York, NY. Our food, conceived and created by Erik Ramirez, is quintessentially New York, with a modern take ...",Papa San NYC restaurant official site
Kabawa,https://www.momofuku.com/restaurants/barkabawa/menu,,,,review_needed,Bar Kabawa - Menu,"Bar Kabawa Menu · Daiquiris. -. Kabawa. key lime, organic cane sugar, Choice of Probitas, Montebello Rhum Blanc, 1978 Bacardi Carta Blanca · Rum Rum Yum Yums. - ...",Kabawa NYC restaurant official site
Chez Fifi,https://www.chezfifinyc.com/,,,,resolved,Chez Fifi New York,"A We All Gotta Eat Project. Chez Fifi is committed to making its websites accessible to all people, including individuals with disabilities.",Chez Fifi NYC restaurant official site
Sushi Ikumi,https://www.ikumi.nyc/,,,,resolved,Sushi Ikumi: Home,"Nestled within the vibrant and bustling cityscape of NYC, Sushi Ikumi can be found in the quiet neighborhood of SoHo, Manhattan.",Sushi Ikumi NYC official website
Rosella,https://www.rosellanyc.com/,,,,resolved,Rosella NYC,We are now open 7 days a week from 5pm-10pm. Book your reservation today! Featured as one of Michelin's new Plate restaurants of 2021!,Rosella NYC restaurant official site
Daniel,https://www.danielnyc.com/,,,,resolved,Restaurant Daniel,"Chef Daniel Boulud's Flagship: A Modern French Dining Experience in New York. ... New York, NY 10065. TEL (212) 288-0033 · danielinquiry@danielnyc.comGeneral ...",Daniel NYC restaurant official site
Cervo's,https://www.cervosnyc.com/,,,,resolved,Cervo's,"43 CANAL STREET New York, NY 10002 (212) 226-2545 · hello@cervosnyc.com. PART OF THE FAMILY HART'S, CERVO'S, THE FLY, EEL BAR, MINNOW · Accessibility.",Cervo's NYC restaurant official site
Dons Bogam,https://www.donsbogam.com/,,,,resolved,dons bogam,Serving Korean BBQ & traditional Korean cuisine in a beautiful space in the heart of New York City · KOREAN FOOD FOR EVERYONE · WHAT PEOPLE SAY.,Dons Bogam NYC restaurant official site
Kanyakumari,http://kanyakumarinyc.com/,,,,resolved,Kanyakumari - Taste that turns every bite into a celebration,"In a sea of 'coastal Italian,' Kanyakumari specializes in coastal Indian. The new restaurant opens near Union Square this week.",Kanyakumari NYC restaurant official site
Lungi,https://lungirestaurant.com/,,,,resolved,"Lungi - Upper East Side, New York, NY","South Indian and Sri Lankan restaurant. Welcome to Lungi. Lungi, under the ownership of Mervyn Winston, artfully combines the culinary traditions of South India ...",Lungi NYC restaurant official site
Chalong,https://chalongnyc.com/,,,,resolved,"Chalong Southern Thai - New York, NY",We are taking online reservations! Let's ensure you get a great table: Book today! We recommend making a reservation ahead of time. Book your table today!,Chalong NYC restaurant official site
Le Jardinier New York,https://www.lejardinier-nyc.com/,,,,resolved,Le Jardinier New York,AWARD-WINNING FRENCH RESTAURANT IN THE HEART OF MIDTOWN MANHATTAN · OUR STORY · SEASONAL MENUS · PRIVATE EVENTS.,Le Jardinier New York NYC restaurant official site
Rezd?ra,https://www.rezdora.nyc/,,,,resolved,"Rezdôra | Italian Restaurant in New York, NY","Italian eatery highlighting handmade pasta, traditional meat & fish dishes plus local vegetables.",Rezd?ra NYC restaurant official site
The Lambs Club,https://www.thelambsclub.com/,,,,resolved,"Lambs Club | American Restaurant in New York, NY",The official website of The Lambs is accessible at www.the-lambs.org. Reservations; Email Signup.,The Lambs Club NYC restaurant official site
Melba's,https://www.melbasrestaurant.com/,,,,resolved,Melba's Restaurant,"Southern classics served in a retro setting that's relaxed & homey by day, bustling in the evening.",Melba's NYC restaurant official site
The Grill,https://thegrillnewyork.com/,,,,resolved,THE GRILL | Major Food Group | New York Restaurant,"THE GRILL is a Mid-Century New York Chophouse created by Mario Carbone, Rich Torrisi and Jeff Zalaznick location in The Seagram Building in Midtown ...",The Grill NYC restaurant official site
Ballato,https://emiliosballato.shop/,,,,resolved,Emilio's Ballato: A Taste of Authentic Italian Cuisine in NYC,"Welcome to Emilio's Ballato, a charming eatery nestled in the vibrant heart of New York City at 55 E Houston St. Here, Italian culinary traditions meld ...",Ballato NYC restaurant official site
Loring Place,https://www.loringplacenyc.com/,,,,resolved,Loring Place | American Restaurant in NYC,"New York Restaurant with seasonal, local, American cuisine by Chef Dan Kluger located in the heart of Greenwich Village.",Loring Place NYC restaurant official site
Junoon,https://www.junoonnyc.com/,,,,resolved,"Junoon | Indian Restaurant in New York, NY",Junoon is a modern Indian restaurant from New York based restaurateur Rajesh Bhardwaj.,Junoon NYC restaurant official site
Family Meal at Blue Hill,https://www.bluehillfarm.com/,,,,resolved,Family Meal at Blue Hill,"Locally sourced, seasonal ingredients abound on the American menu served at this townhouse-set spot.",Family Meal at Blue Hill NYC restaurant official site
odo,https://www.odo.nyc/,,,,resolved,Odo NYC,"At Odo, Chef Hiroki Odo offers a unique dining experience by serving traditional Kaiseki—a rule-bound Japanese meal—in a sophisticated, hidden speakeasy setting ...",odo NYC restaurant official site
Carbone,https://carbonenewyork.com/,,,,resolved,Carbone New York,Carbone is one of the most celebrated Italian restaurants in America and a quintessential New York City dining experience. Located on historic Thompson Street.,Carbone NYC restaurant official site
Monofuku Noodle Bar,https://momofukunoodlebar.com/,,,,resolved,Momofuku Noodle Bar,"Subscribe to the Momofuku Newsletter. Stay up to date with the latest new dishes, special offers, restaurant openings and other discounts. Enter your email.",Monofuku Noodle Bar NYC restaurant official site
I Sodi,https://www.isodinyc.com/,,,,resolved,I SODI NYC,I Sodi is the long-celebrated ristorante Toscano established in 2008 by Chef Rita Sodi. I Sodi draws inspiration from the small family farm where Sodi grew up.,I Sodi NYC restaurant official site
Ulivo,https://www.ulivonyc.com/,,,,resolved,ULIVO Restaurant,ULIVO Restaurant · Home · About · Menu. Delivery. UberEats · GrubHub · DoorDash · Gallery ... 4W 28th Street - New York — (212) 684-8000. TRATTORIA · COCKTAIL ...,Ulivo NYC restaurant official site
Penny,https://www.penny-nyc.com/,,,,resolved,Penny | Walk-In Seafood Spot in New York City,Penny is a raw bar and seafood counter in New York City's East Village.,Penny NYC restaurant official site
Moono,https://moono.restaurants-info.com/,,,,resolved,"Moono Reviews - See Full Menus, Reviews & Photos","Leon's Pizza Restaurant ... Discover Moono, a hidden gem in the heart of NYC! Indulge in delicious bites and a cozy atmosphere at 29 E 32nd St. Join us today!",Moono NYC restaurant official site
Café Carmellini,https://www.cafecarmellini.com/,,,,resolved,Café Carmellini | Fine Dining Restaurant in New York City,"Chef Carmellini's menu is a modern, sophisticated marriage of Italian and French cooking with a classic New York sensibility.",Café Carmellini NYC restaurant official site
Peppercorn Station,https://www.peppercornstation.com/,,,,resolved,Peppercorn Station: Restaurant,Peppercorn Station is a restaurant in New York and New Jersey offers authentic contemporary Szechuan cuisine. A go-to neighborhood restaurant that feels ...,Peppercorn Station NYC restaurant official site
Raf's,https://www.rafsnewyork.com/,,,,resolved,"Raf's | French and Italian Bakery in New York, NY","Raf's offers a daily rotation of French and Italian inspired baked goods, as well as an all-day café and intimate dinner service where they can feel at home ...",Raf's NYC restaurant official site
MayRee,https://www.mayreenyc.com/,,,,resolved,East Village Cocktail Bars | MayRee – Authentic Thai in NYC,"Recognized by the Michelin Guide, MayRee Thai Kitchen brings the authentic flavors of Southern Thailand to the heart of Manhattan's East Village.",MayRee NYC restaurant official site
Miss Mamie's Spoonbread Too,https://missmamiesspoonbreadtoo.restaurants-info.com/,,,,resolved,Miss Mamie's Spoonbread Too Reviews - See Full Menus ...,"Located in NYC, indulge in warm, delicious dishes that feel like home. Social Networks. This is not an official website. Content updated by the community. If ...",Miss Mamie's Spoonbread Too NYC restaurant official site
JoJo,https://www.jojorestaurantnyc.com/,,,,resolved,JoJo Restaurant | Jean-Georges Restaurants New York,JoJo offers a relaxed yet elegant dining experience in a quaint turn-of-the-century townhouse setting on the Upper East Side. The first of Jean-Georges' ...,JoJo NYC restaurant official site
Sushi Noz,https://www.sushinoz.com/,,,,resolved,Sushi Noz,"Chef Nozomu Abe's vision to create a superlative dining experience – memorable, intimate, elegant, and a feast for the senses.",Sushi Noz NYC restaurant official site
Ivan Ramen,https://www.ivanramen.com/,,,,resolved,Ivan Ramen - NYC,"With a dedicated following at his two Tokyo locations, Orkin returned to New York City to open his first restaurant on the Lower East Side, with the intent ...",Ivan Ramen NYC restaurant official site
Dirt Candy,https://www.dirtcandynyc.com/,,,,resolved,Dirt Candy,"Dirt Candy · Home · About · Hours & Location · FAQ · Our Chef · Shop · Sign Up For Our ... 86 Allen Street, NY, NY - 212-228-7732. Dinner Menu · Events!",Dirt Candy NYC restaurant official site
Chef's Table at Brooklyn Fare,https://the-chefs-table-at-brooklyn-fare.hey-restaurants.com/,,,,resolved,The Chef's Table At Brooklyn Fare | Fine Dining Restaurant in ...,The Chef's Table At Brooklyn Fare offers a remarkable fine dining experience in New York. ... This is not an official website. The content is updated by the ...,Chef's Table at Brooklyn Fare NYC restaurant official site
Norma Gastronomia Siciliana,https://normarestaurant.com/,,,,resolved,Norma Gastronomia Siciliana | Authentic Sicilian Restaurant ...,"At Norma Gastronomia Siciliana you'll find authentic Sicilian dishes, exclusively Sicilian wine and an atmosphere transporting you to the soul of Sicily.",Norma Gastronomia Siciliana NYC restaurant official site
Jungsik New York,https://www.jungsik.com/,,,,resolved,Korean Restaurant - Jungsik New York,Jungsik offers a modern and unique understanding of contemporary Korean cuisine – innovative chef Yim has christened it as New Korean.,Jungsik New York NYC restaurant official site
King,https://kingrestaurant.nyc/,,,,resolved,King Restaurant,King Restaurant New York City. King is a NYC restaurant serving a daily-changing menu on King Street.,King NYC restaurant official site
Pre Se,https://thomaskeller.com/new-york-new-york/per-se/todays-menus,,,,review_needed,Today's Menus,"Daily Menus. Two tasting menus are offered daily: a nine-course chef's tasting menu, as well as a nine-course vegetable tasting menu.",Pre Se NYC restaurant official site
The Modern,https://www.themodernnyc.com/,,,,resolved,"Home | The Modern in New York, NY","The Modern is a two Michelin-starred, contemporary American restaurant at the Museum of Modern Art, featuring three separate experiences.",The Modern NYC restaurant official site
Tuome,https://www.tuomenyc.com/,,,,resolved,tuome,"New American Restaurant - East Village, New York. ... tuome.jpg. Home. Tuome. 536 E 5th St,. New York, NY, 10009,. United States. (646) 833-7811 info@tuomenyc.com.",Tuome NYC restaurant official site
Via Carota,https://www.viacarota.com/,,,,resolved,Via Carota,"Via Carota is the West Village, NYC, gastroteca where cherished downtown chefs Jody Williams and Rita Sodi cook deeply appealing Italian food.",Via Carota NYC restaurant official site
4 Charles Prime Rib,https://www.nycprimerib.com/,,,,resolved,4 Charles Prime Rib — New York,"New York's historic West Village brownstone for steak, seafood & prime rib. Classic cuts, strong drinks and an exceptional wine list.",4 Charles Prime Rib NYC restaurant official site
Pylos,https://pylosrestaurant.com/,,,,resolved,Pylos Restaurant – Rustic Greek Home Cooking,"Address: 128 East 7th Street, NYC, New York 10009. Telephone: (1) 212 473.0220. Email: info@pylosrestaurant.com. © Copyright 2018. Pylos Restaurant. Order ...",Pylos NYC restaurant official site
MáLà Project,https://www.malaproject.com/,,,,resolved,MÁLÀ PROJECT,MáLà Project is a Chinese restaurant founded by four friends with a mission to deliver joy through the flavors of Sichuan cuisine.,MáLà Project NYC restaurant official site
Kanoyama,https://kanoyama.com/,,,,resolved,Kanoyama Restaurant,Kanoyama Restaurant is michelin starred New York Sushi Restaurant that provides excellent quality Sushi and Japaneese entrees.,Kanoyama NYC restaurant official site
Bar Miller,https://www.barmiller.com/,,,,resolved,Bar Miller,Reservations now available on OPENTABLE! Skip to Content. Home · About · Eat · Drink · Gift Cards · FAQs · Contact Us · Bar Miller. Open Menu Close Menu.,Bar Miller NYC restaurant official site
Eulalie,https://eulalie.wheree.com/menu,,,,resolved,Eulalie Menu (Updated 2026) - Wheree,"Eulalie, located in the heart of New York City at 239 W Broadway, offers a refined yet unpretentious dining experience that captivates food ...",Eulalie NYC restaurant official site
Gui,https://guinyc.com/,,,,resolved,Gui Steakhouse | Wood-Fired Steaks & Fine Dining Near ...,"Discover Gui Steakhouse, where premium steaks meet innovative Korean cuisine. Enjoy a unique dining experience that blends tradition with modern flavors, ...",Gui NYC restaurant official site
bōm,http://www.bom-nyc.com/,,,,resolved,bōm,Upscale Korean destination for elevated tasting menus served at a chef's counter.,bōm NYC restaurant official site
Noz 17,https://www.nozmarket.com/,,,,resolved,Noz Market,"Noz Market first opened its doors in October 2020, providing New Yorkers with a resource for fast-paced, high-end seafood, Japanese accoutrements, and delicious ...",Noz 17 NYC restaurant official site
Torrisi,https://torrisinyc.com/,,,,resolved,"Torrisi | Italian Restaurant in New York, NY",Torrisi Bar & Restaurant is the spectacular new Italian restaurant from the creative forces at Major Food Group.,Torrisi NYC restaurant official site
Casa Mono,https://www.casamononyc.com/,,,,resolved,"Casa Mono | Spanish Restaurant in New York City, NY","Casa Mono and It's Sister Restaurant, Bar Jamón are located next to each other on Irving Place and 17th Street, just east of Union Square.",Casa Mono NYC restaurant official site
Atomix,https://atomix.weeblyte.com/,,,,resolved,ATOMIX - Korean restaurant in City Of New York - Website,ATOMIX stands as a premier dining destination in the heart of New York City ... This is not the official website. Content is updated by the community ...,Atomix NYC restaurant official site
Ernesto's,https://www.ernestosnyc.com/,,,,resolved,Ernesto's NYC,Ernesto's. A Basque Taverna located at 259 East Broadway New York City 10002.,Ernesto's NYC restaurant official site
Le Gigot,https://www.legigotrestaurant.com/,,,,resolved,"Le Gigot | West village, NYC | 212-627-3737","This is the site navigation. HOME, HISTORY, MENUS, REVIEWS, LOCATION,. Exterior photograph of Le Gigot restaurant. Links to our Facebook page and Email.",Le Gigot NYC restaurant official site
Kyma,https://kymarestaurants.com/,,,,resolved,Kyma NYC | Upscale Greek & Mediterranean Seafood ...,"An upscale Greek seafood restaurant in NYC serving whole grilled fish, refined Mediterranean cuisine, craft cocktails, and a vibrant dinner-party vibe.",Kyma NYC restaurant official site
Atoboy,https://www.atoboynyc.com/,,,,resolved,Atoboy,ATOBOY is a restaurant which builds on innovative Korean-inspired cuisine using New York City as inspiration and stage.,Atoboy NYC restaurant official site
Sobaya,https://www.sobaya.us/,,,,resolved,Sobaya NYC | Authentic Japanese Soba & Udon in East Village,"Visit Sobaya NYC in the East Village for authentic Japanese dining. Our Michelin Bib Gourmand restaurant serves fresh, handmade soba and udon daily.",Sobaya NYC restaurant official site
Kosaka,https://www.kosakanyc.com/,,,,resolved,Kosaka,"KOSAKA is located on a charming Greenwich Village street, bringing the serenity and allure of a Tokyo sushi restaurant to Manhattan.",Kosaka NYC restaurant official site
Octo,https://www.octo.nyc/,,,,resolved,"OCTO | Korean-Chinese restaurant in New York, NY",OCTO is a Korean-Chinese restaurant located in the heart of New York City. Visit Us Our Food We offer a wide variety using the best ingredients.,Octo NYC restaurant official site
Kebab aur Sharab,https://kebabaursharab.com/,,,,resolved,"Kebab Aur Sharab - Manhattan, Upper West Side, NYC",Home · About · Menu · Gallery · Press · Contact · Reserve. From the same family as. POWERED BY ONEBRANDING.,Kebab aur Sharab NYC restaurant official site
Lord's,https://www.lordsenglish.com/,,,,resolved,Lord's Restaurant,An English bistro in New York City serving nose-to-tail cooking alongside an extensive wine list.,Lord's NYC restaurant official site
Jupiter,https://www.jupiterrestaurant.nyc/,,,,resolved,Jupiter Restaurant,"Rinkside at Rockefeller Center 20 W. 50th Street New York, NY 10020 info@jupiterrestaurant.nyc (212) 207-0060. Get the latest news & menu additions.",Jupiter NYC restaurant official site
Nudibranch,https://nudibranchnyc.com/,,,,resolved,nudibranch,Nudibranch is a New York City restaurant offering a shareable dining experience. Focusing on New American cuisine alongside wines and cocktails in an ...,Nudibranch NYC restaurant official site
HAGS,https://hagsnyc.com/,,,,resolved,HAGS NYC,"HAGS is a tiny restaurant in the East Village neighborhood of NYC, by Queer people for all people. Are you able to accommodate allergies? Most likely the ...",HAGS NYC restaurant official site
Ci Siamo,https://ci-siamo.weeblyte.com/,,,,resolved,Ci Siamo - Restaurant in City Of New York - Website,"Ci Siamo stands out as a premier dining destination in the Hudson Yards area, renowned for its vibrant atmosphere and exceptional culinary offerings.",Ci Siamo NYC restaurant official site
Chambers,https://www.chambers.nyc/,,,,resolved,Chambers.nyc,"gift cards · Back · eat · drink · wine list · after · 94 Chambers Street | New York, NY 10007. Please ensure Javascript is enabled for purposes of website ...",Chambers NYC restaurant official site
Cha Kee,https://chakee.restaurants-us.com/,,,,resolved,"Cha Kee: Authentic Cantonese Cuisine on Mott St, NYC","Cha Kee, located at 43 Mott St, New York, NY, offers an authentic Cantonese dining experience with a diverse menu, delicious dishes, and a welcoming atmosphere ...",Cha Kee NYC restaurant official site
63 Clinton,https://www.63clinton.com/,,,,resolved,63 Clinton,"A new restaurant serving modern, seasonal American fare with global influences located at 63 Clinton Street on the Lower East Side.",63 Clinton NYC restaurant official site
Nyonya,https://nyonya.res-menu.net/,,,,resolved,Nyonya: Authentic Malaysian-Chinese Cuisine in the Heart of ...,"Located on 199 Grand St in New York, NY, Nyonya offers a wide range of Malaysian - Chinese dishes including vegan options and seafood soups.",Nyonya NYC restaurant official site
Noreetuh,https://www.noreetuh.com/,,,,resolved,noreetuh,noreetuh is a modern Hawaiian restaurant located at 128 First Avenue in the East Village of New York City by Chef/Co-Owner Chung Chow.,Noreetuh NYC restaurant official site
Eleven Madison Park,https://www.elevenmadisonpark.com/,,,,resolved,Eleven Madison Park,"Eleven Madison Park is a fine dining restaurant in the heart of New York City, owned and operated by Chef Daniel Humm. Overlooking Madison Square Park, ...",Eleven Madison Park NYC restaurant official site
Bangkok Supper Club,https://www.bangkoksupperclubnyc.com/,,,,resolved,Bangkok Supper Club,Home · Inventive Thai cuisine · MENU · Private Events · Email Signup · Reservations.,Bangkok Supper Club NYC restaurant official site
Coqodaq,https://coqodaq.weeblyte.com/,,,,resolved,COQODAQ - Chicken restaurant in City Of New York - Website,"Address: 12 E 22nd St, New York, NY 10010, United States Phone: +1 646 490 5099. Social Media. Suggest an Edit. This is not the official website. Content is ...",Coqodaq NYC restaurant official site
Nōksu,https://noksunyc.com/,,,,resolved,Nōksu | NYC,"Noksu, 2024 & 2025 Michelin star recipient, is a 15-seat tasting counter located within the 32nd street entrance of Herald Square. Noksu offers a 10 course ...",Nōksu NYC restaurant official site
Potluck Club,https://thepotluckclubny.com/,,,,resolved,POTLUCK CLUB,Michelin Bib Gourmand Chinese Restaurant in Chinatown New York City.,Potluck Club NYC restaurant official site
Ma•dé,http://www.ma-de-nyc.com/,,,,resolved,Ma•dé,"Warm eatery offering Indonesian fare such as soft-shell crab, lobster dumplings and seafood padang.",Ma•dé NYC restaurant official site
The Office of Mr.Moto,https://www.dearmrmoto.com/,,,,resolved,The Office of Mr. Moto,"120 St Marks Pl New York, NY 10009 hello@dearmrmoto.com 646-360-4065 Hours Mon–Sun 6pm–12am Make a Reservation Accessibility",The Office of Mr.Moto NYC restaurant official site
Superiority Burger,http://www.superiorityburger.com/,,,,resolved,Superiority Burger,"Innovative, all-vegetarian restaurant serving up popular burgers & cocktails in a historic diner location.",Superiority Burger NYC restaurant official site
Claud,https://www.claudnyc.com/,,,,resolved,"Claud | European Restaurant in New York, NY","Located in New York City's East Village, Claud is a downtown bistro by partners Chase Sinzer and Joshua Pinsky. Claud is inspired by the European style of ...",Claud NYC restaurant official site
C as in Charlie,https://www.c-asincharlie.com/,,,,resolved,HOME | C as in Charlie | Southern and Korean Tapas,"C as in Charlie is a 40-seat restaurant in NYC, serving inventive Korean-Southern small plates inspired by immigrant nostalgia. The menu reimagines classics ...",C as in Charlie NYC restaurant official site
Essential by Christophe,https://www.essentialbychristophe.com/,,,,resolved,Essential by Christophe | French Restaurant on the Upper ...,"Essential by Christophe is a Michelin-starred French restaurant on Manhattan's Upper West Side, offering refined tasting menus by Chef Christophe Bellanca.",Essential by Christophe NYC restaurant official site
Soda Club,https://soda-club.hey-restaurants.com/,,,,resolved,Soda Club - Trendy Restaurant in New York City with Unique ...,"Discover Soda Club at 95 Avenue A, New York, NY 10009. Enjoy delicious dishes and a vibrant atmosphere in the heart of NYC.",Soda Club NYC restaurant official site
Ito,https://www.ito-omakase.com/,,,,resolved,ITO Tribeca,"Ito is an omakase-style Japanese restaurant, led by Michelin Star chef Masa Ito and Kevin Kim, in partnership with VCR Group.",Ito NYC restaurant official site
Icca,https://icca.nyc/,,,,resolved,Icca - icca Japanese Restaurant 20 Warren Street New York,Our new website is now available! EXECUTIVE CHEF. EXECUTIVE CHEF. OMAKASE COUNTER. OMAKASE COUNTER. BAR. BAR. INGREDIENTS. INGREDIENTS. CRAFTS. CRAFTS. pagetop.,Icca NYC restaurant official site
Genesis House Restaurant,https://genesis-house.weeblyte.com/,,,,resolved,Genesis House - Korean restaurant in City Of New York ...,"Address: 40A 10th Ave, New York, NY 10014, United States Phone: +1 855 444 0836. Social Media. Suggest an Edit. This is not the official website. Content is ...",Genesis House Restaurant NYC restaurant official site
L'Abeille,https://www.labeille.nyc/,,,,resolved,l'abeille,l&#39;abeille · About · Reservations · Menus · Wine & Spirits · Private Events · Info & Directions · Gift Card · Press · Careers. Open Menu Close Menu. Open ...,L'Abeille NYC restaurant official site
Mari,https://marinyc.com/,,,,resolved,"Mari: Korean Restaurant, Korean Handroll","New York, NY 10036; 646-649-3545; info@marinyc.com. Opening Hours. Mon-Thur: 5:00pm – 9:30pm; Fri, Sat: 5:00pm – 10:00pm; Sun: 5:00pm – 9:30pm. Book with Us.",Mari NYC restaurant official site
Chick Chick,https://www.chickchicknyc.com/,,,,resolved,Chick Chick,"New York, NY 10024. Lunch (Fri, Sat, Sun) 11:30AM-3PM Dinner (Mon - Sat) 4:30PM-10PM Dinner (Sun) 4:30PM-9PM. Contact (212) 799-1026 chickchicknyc@gmail.com.",Chick Chick NYC restaurant official site
Sal Tang's,https://www.saltangs.com/,,,,resolved,Sal Tang's Restaurant | Cantonese American Restaurant in ...,Sal Tang's is open for dine in and takeout Wednesday-Sunday at 5PM. Book a table online through Resy or call us at (718) 986-6976. ORDER ONLINE ; Our Menus. Join ...,Sal Tang's NYC restaurant official site
6 Restaurant,https://www.6restaurant.com/,,,,resolved,"6 Restaurant - Carroll Gardens, Brooklyn | Book Your Table Now","6 is an intimate restaurant in Carroll Gardens, Brooklyn blending New American cuisine with classic European and South American flavors.",6 Restaurant NYC restaurant official site
Café Kestrel,http://kesnewyork.com/,,,,resolved,Cafe Kestrel,,Café Kestrel NYC restaurant official site
Phayul,https://phayul.weeblyte.com/,,,,resolved,Phayul - Tibetan restaurant in Jackson Heights - Website,Phayul features an enticing menu filled with signature dishes representing authentic Tibetan cuisine. Highlights include freshly made momos stuffed with ...,Phayul NYC restaurant official site
Cardamom,https://www.cardamomny.com/,,,,resolved,Cardamom Indian Cuisine | Home,"Cardamom Indian Cuisine is one of the best Indian Restaurant in Sunnyside, NY. If you are looking Indian food, then visit our restaurant.",Cardamom NYC restaurant official site
Mango Bay,https://themangobay.com/,,,,resolved,Mango Bay,"Elevated Afro-Caribbean cuisine in Fort Greene. Artfully crafted dishes, refined cocktails, and warm sophistication redefine Caribbean flavors.",Mango Bay NYC restaurant official site
Glin Thai Bistro,https://glinthaibistro.com/,,,,resolved,"Glin Thai Bistro - Brooklyn, NY","Located in the heart of Fort Greene, Brooklyn, Glin Thai Bistro is proud to be recognized by the Michelin Guide 2025. We bring together the rich culinary ...",Glin Thai Bistro NYC restaurant official site
Daphne's,https://daphnesny.com/,,,,resolved,Daphnes - Westhampton's Best Restaurant,"A cocktail bar and bistro in the heart of Westhampton Beach. Mediterranean inspired fare, creative libations and curated sounds. Plenty of vibes.",Daphne's NYC restaurant official site
Madre,https://www.madrenyc.com/,,,,resolved,Madre NYC,Lobby restaurant at Franklin Guesthouse offering elegant plates with international flavors.,Madre NYC restaurant official site
SaRanRom Thai,https://saranrom-thai.weeblyte.com/,,,,resolved,Saranrom Thai - Thai restaurant in New York State - Website,"Saranrom Thai offers a delightful escape into the world of authentic Thai cuisine, seamlessly blending traditional flavors with modern culinary techniques.",SaRanRom Thai NYC restaurant official site
Gordo's Cantina,https://gordoscantina.com/,,,,resolved,Gordo's Cantina,"140 St Nicholas Ave Brooklyn, New York 11237. Indoor Dining & Outdoor dining (weather permitting) Pick Up & Delivery Winter 2025 Hours Mon - Thurs 5:00 - 10:00",Gordo's Cantina NYC restaurant official site
Sawa,https://www.sawa.nyc/,,,,resolved,"Sawa Restaurant - Brooklyn, NY","Lebanese cuisine served in an elegant yet relaxed atmosphere in Park Slope, Brooklyn. Indulge in freshly baked pita bread alongside exquisitely elevated ...",Sawa NYC restaurant official site
Tong,https://www.hutong-nyc.com/,,,,resolved,Hutong New York | Chinese Restaurant & Dim Sum in ...,"Tucked in the heart of Midtown Manhattan, Hutong brings award-winning Northern Chinese cuisine and delicate dim sum to one of the city's most striking dining ...",Tong NYC restaurant official site
Hupo,https://hupo.nyc/,,,,resolved,Hupo | Your go-to spot in Long Island City for authentic ...,"Hupo in Long Island City, NY, serves authentic Sichuan dishes like spicy dumplings, Dan Dan noodles, savory stir-fries, fresh veggies, and hearty rice bowls ...",Hupo NYC restaurant official site
Rolo's,https://www.rolosnyc.com/,,,,resolved,Rolo's | Neighborhood Wood-Fired Bar & Grill in Ridgewood ...,"Menus · Large Groups · Hours & Info · Gift Cards · merch · info@rolosnyc.com · 853 onderdonk ave ridgewood, nyc 11385 · Reservations.",Rolo's NYC restaurant official site
Seppe Pizza Bar,https://seppepizzabar.com/,,,,resolved,Seppe Pizza Bar: Staten Island | Home,"Seppe is a fresh, modern and family-friendly take on a neighbourhood pizzeria with comfortable, classic touches and a welcoming, laid-back atmosphere.",Seppe Pizza Bar NYC restaurant official site
Hometown Bar B Que New York,https://hometownbbq.com/,,,,resolved,Hometown BBQ,"Hometown Bar-B-Que opened in Red Hook, Brooklyn, in September 2013. We specialize in authentic, pit-smoked meats prepared in the classic Southern technique.",Hometown Bar B Que New York NYC restaurant official site
Enoteca Maria,https://www.nonnasoftheworld.org/,,,,resolved,Nonnas of the World Community: Home,"Platform celebrating grandmothers' culinary heritage with community, culture, recipes, merchandise, and programming that connects generations and preserves ...",Enoteca Maria NYC restaurant official site
Lakruwana,https://www.lakruwanarestaurant.com/,,,,resolved,Lakruwana Restaurant,"668 Bay street — staten island, NY — (347) 857-6619. Youtube Reviews. Meet the Team. Lakruwana Wijesinghe. Founder. Jayantha Wijesinghe. Owner / Chef ...",Lakruwana NYC restaurant official site
il Gigante,https://www.ilgigantenyc.com/,,,,resolved,IL GIGANTE TRATTORIA,An honest trattoria in the heart of Ridgewood. Il Gigante is a love letter to the comfort foods and home style cooking that we were raised on back in central ...,il Gigante NYC restaurant official site
Rose Marie,https://www.rosemarienyc.com/,,,,resolved,"Rose Marie Bar | Bar in Brooklyn, NY","Rose Marie serves a variety of modern American dishes and an over-the-top experience from the moment you walk in. Located in Brooklyn, NY.",Rose Marie NYC restaurant official site
Hungry Thirsty,https://www.hungrythirstynyc.com/,,,,resolved,Authentic Thai Cuisine in Brooklyn - Hungry Thirsty | Hungry ...,"Hungry Thirsty brings the essence of Thailand to Brooklyn, offering home-style dishes that celebrate the rich culinary heritage of each region.",Hungry Thirsty NYC restaurant official site
Cafe Mado,https://www.cafemadonyc.com/,,,,resolved,Cafe Mado,"Discover Cafe Mado, your go-to spot near the Brooklyn Museum, Prospect Park, and the Brooklyn Botanic Garden. Enjoy fresh coffee, pastries, sandwiches, ...",Cafe Mado NYC restaurant official site
Pierozek,https://www.pierozekbrooklyn.com/,,,,resolved,Pierozek Brooklyn | Discover Authentic Flavors,Pierozek is home to the most authentic handmade Polish Pierogi in New York. Our mission is to bring the beloved delicacy to our hometown in New York.,Pierozek NYC restaurant official site
Caleta 111 Cevicheria,https://caleta-111.res-discover.com/,,,,resolved,Caleta 111: Authentic Peruvian Cuisine in Richmond Hill,"Caleta 111 is a vibrant Peruvian restaurant in Richmond Hill. Explore reviews, photos, and the menu for an unforgettable dining experience.",Caleta 111 Cevicheria NYC restaurant official site
Risbo,https://www.risbobk.com/,,,,resolved,Risbo - French Rotisserie Restaurant in Brooklyn,"Risbo is your neighborhood spot for healthy comfort food, natural wines, and good vibes. We are a Michelin-recommended fast-casual rotisserie with a full bar ...",Risbo NYC restaurant official site
Chez Ma Tante,https://chezmatantebk.com/,,,,resolved,Chez Ma Tante,"Canadian born Aidan O'Neal and native New Yorker Jake Leiber serve dishes like chips with garlicky aioli, pig's head terrine, kohlrabi and apple salad.",Chez Ma Tante NYC restaurant official site
Tong Sam Gyup Goo Yi,http://www.tongsamgyupgooyi.com/,,,,resolved,"Tong Sam Gyup Goo Yi - Korean Restaurant - Flushing, NY","Tong Sam Gyup Goo Yi Korean Restaurant. Visit Us: 162-23 Depot Rd Flushing, NY 11358. Call us : (718) 359-4583.",Tong Sam Gyup Goo Yi NYC restaurant official site
Peter Luger,https://peterluger.com/,,,,resolved,Peter Luger Steak House,"Peter Luger Steak House has been New York's top steakhouse for decades. A family-owned and operated American classic, our USDA Prime beef is hand-selected and ...",Peter Luger NYC restaurant official site
Sunday in Brooklyn,https://www.sundayinbrooklyn.com/,,,,resolved,Sunday in Brooklyn | New American Restaurant in Williamsburg,"Sunday in Brooklyn is a restaurant located in Williamsburg Brooklyn, NYC. This spot, known for brunch, features a menu of New American cuisine.",Sunday in Brooklyn NYC restaurant official site
Legend of Taste,https://www.legendoftasteny.com/,,,,resolved,Legend of Taste - Chinese Restaurant｜Online Order ...,"Welcome to Our Restaurant ... 11:30 AM - 9:00 PM. 718-423-4888 · 2002 Utopia Parkway, Whitestone, NY 11357. Powered by Menusifu. Legend of Taste all rights ...",Legend of Taste NYC restaurant official site
Miss Ada,https://www.missadanyc.com/,,,,resolved,Miss Ada Restaurant,Miss Ada is an inviting Mediterranean restaurant located in the heart of the Fort Greene neighborhood of Brooklyn led by Chef/Owner Tomer Blechman.,Miss Ada NYC restaurant official site
Mile End,https://www.mileenddeli.com/,,,,resolved,Mile End Deli,Everyday and Office Catering · Nationwide Shipping · Private Events at the Deli · Offsite Full Service Events · Upcoming Events · Gift Cards; Become a VIP,Mile End NYC restaurant official site
Casa Ora,https://www.casaoranyc.com/,,,,resolved,"Casa Ora | Upscale, Venezuelan Cuisine and Cocktail Bar in ...","Casa Ora, in Brooklyn, NY, serves refined farm to table plates and modern cocktails.",Casa Ora NYC restaurant official site
Ammazzacaffè,https://ammazzacaffe.nyc/,,,,resolved,ammazzacaffè,702 Grand st. Brooklyn · menu; eat & drink; ONLINE ORDER · gift card · see · jazz sunday · events · reservation · about · 702 Grand st.,Ammazzacaffè NYC restaurant official site
Aska,https://www.askanyc.com/,,,,resolved,Aska,Chef Fredrik Berselius brings his love of nature to his urban surroundings through food at Brooklyn's only two Michelin-starred restaurant.,Aska NYC restaurant official site
Chavela's,https://chavelasnyc.com/,,,,resolved,Chavela's: Home,"Chavela's Open 7 days a week – 11 AM to 11 PM 736 Franklin Avenue Brooklyn, NY 11238 718-622-3100",Chavela's NYC restaurant official site
Tra Di Noi,https://trattoria-tra-di-noi.findmenuworld.com/,,,,resolved,Trattoria Tra di Noi – Restaurant,"Trattoria Tra di Noi, nestled in Bronx's Arthur Avenue, embodies the essence of authentic Italian cuisine with a focus on seafood. Embracing a cozy...",Tra Di Noi NYC restaurant official site
Speedy Romeo,https://www.speedyromeo.com/,,,,resolved,"Speedy Romeo | Pizza Restaurant in Brooklyn, NY",Speedy Romeo is cooking with fire. All our dishes are prepared in a hardwood fired Italian pizza oven.,Speedy Romeo NYC restaurant official site
Untable,https://www.untablebrooklyn.com/,,,,resolved,Untable | Unconventional Thai Restaurant - Brooklyn,"Discover Untable, Brooklyn's unconventional Thai restaurant offering creative, innovative, flavor-packed dishes in a cozy, welcoming atmosphere.",Untable NYC restaurant official site
Meju,https://mejunyc.com/,,,,resolved,Meju,Meju Natural Wine Class Reservations · Reservations · HOME · MENU · ABOUT · VISIT. 5-28 49th Ave Long Island City NY 11101. Directions · meju@littlebanchanshop.,Meju NYC restaurant official site
La Vara,https://www.lavarany.com/,,,,resolved,La Vara,"Our restaurant is a celebration of Spanish cuisine, a place where the vibrant flavors of Spain come to life in the heart of Brooklyn.",La Vara NYC restaurant official site
Patricia's,https://www.patriciasofmorrispark.com/,,,,resolved,"Patricias of Morris Park | Italian cuisine | Bronx, NY, USA","Patricias of Morris Park- A unique blend of the casual and sophisticated, mixing the more sophisticated and nuanced service and cuisine of a fine Ristorante ...",Patricia's NYC restaurant official site
Casa Enrique,https://casaenriquelic.com/,,,,resolved,Casa Enrique,"Try our award winning & Michelin rated Mexican cuisine, curated by Chef Cosme Aguilar. Top off your experience with our handcrafted cocktails & desserts.",Casa Enrique NYC restaurant official site
Café Mars,http://www.cafemarsbk.com/,,,,resolved,Café Mars,,Café Mars NYC restaurant official site
Inga's Bar,https://ingasbar.restaurants-us.com/,,,,resolved,"Get Ready to Indulge at Inga's Bar | Brooklyn, NY Restaurant","Join us at Inga's Bar in Brooklyn, NY for delicious food, craft cocktails, and a welcoming atmosphere. Call (917) 909-1177 to make a reservation today!",Inga's Bar NYC restaurant official site
Al Badawi,https://www.albadawinyc.com/,,,,resolved,"Al Badawi | Middle Eastern Restaurant in Brooklyn, NY","Al Badawi is a lively restaurant in the heart of Brooklyn, NY. We use the best ingredients and provide a great atmosphere. Looking forward to hosting you ...",Al Badawi NYC restaurant official site
Francie,https://www.franciebrooklyn.com/,,,,resolved,"Francie | Destination restaurant in Brooklyn, NY","Francie is a restaurant on the corner of Broadway & Bedford in Williamsburg, Brooklyn, with the convivial feel of a neighborhood brasserie.",Francie NYC restaurant official site
Gage & Tollner,https://www.gageandtollner.com/,,,,resolved,Gage & Tollner,"Historic restaurant with retro decor, serving oysters, steaks, and chops, plus wines and cocktails.",Gage & Tollner NYC restaurant official site
Sagara,https://sagarfood.com/,,,,resolved,Sagar Restaurant NYC - Authentic Halal Bangladeshi & Desi ...,"Sagar Restaurant: NYC's premier halal Bangladeshi restaurant since 1996. Famous for Kacchi Biryani, Haji Biryani, traditional sweets & authentic South Asian ...",Sagara NYC restaurant official site
Oxomoco,https://www.oxomoconyc.com/,,,,resolved,"Oxomoco | Mexican Eatery in Brooklyn, NY","Located in the heart of Greenpoint, Brooklyn, Oxomoco offers authentic and creative Mexican cuisine and classic cocktails.",Oxomoco NYC restaurant official site
Shalom Japen,https://shalomjapannyc.com/,,,,resolved,Shalom Japan | Matzoh Ball Ramen Shark Tank - Jewish ...,Authentically inauthentic Jewish and Japanese food in South Williamsburg from chefs Aaron Israel and Sawako Okochi.,Shalom Japen NYC restaurant official site
The River Café,https://rivercafe.com/,,,,resolved,Fine Dining NYC - The River Café - American Restaurant,"The River Cafe has been, and still is, the most exclusive fine dining American restaurant on the water in NYC, since 1977.",The River Café NYC restaurant official site
Fausto,https://www.faustobrooklyn.com/,,,,resolved,Fausto,Fausto is a Brooklyn restaurant with an Italian soul ... NY— 917-909-1427. About · Menus · Events.,Fausto NYC restaurant official site
Sailor,https://www.sailor.nyc/,,,,resolved,"Sailor | Neighborhood Bistro in Fort Greene, Brooklyn NY","A new neighborhood bistro opening in Fort Greene, helmed by Chef April Bloomfield, Gabriel Stulman and their team of wonderful colleagues.",Sailor NYC restaurant official site
ILIS,https://www.ilisnyc.com/,,,,resolved,ILIS,"ILIS is a wood-fired kitchen focused on the seasonal plants, seafood, and game of North America. Our chefs cook and serve the entire meal from our central ...",ILIS NYC restaurant official site
Asian Jewels,http://asianjewelsny.com/,,,,resolved,Asian Jewels | Home,"Asian Jewels Seafood Restaurant Dim Sum, Cantonese & Seafood.",Asian Jewels NYC restaurant official site
Vert Frais,https://vert-frais.hey-restaurants.com/,,,,resolved,Vert Frais - Authentic Japanese Restaurant in Long Island City ...,"Experience exquisite Japanese cuisine at Vert Frais, located at 43-10 Crescent St, Long Island City. Fresh flavors and vibrant dining await you!",Vert Frais NYC restaurant official site
Agi's Counter,https://agis-counter.wherevi.com/,,,,resolved,Agi's Counter | Authentic Hungarian & Eastern European Eats ...,"Nestled in the heart of Brooklyn at 818 Franklin Ave, Agi's Counter is a standout Eastern European and Hungarian restaurant that effortlessly blends ...",Agi's Counter NYC restaurant official site
Jiang Nan,https://jiangnannyc.shop/,,,,resolved,Jiang Nan NYC: Experience Authentic Chinese Cuisine in the ...,"Jiang Nan NYC, nestled in the heart of New York City at 103 Bowery, invites diners to experience a culinary journey through authentic Chinese cuisine.",Jiang Nan NYC restaurant official site
LORE,https://lore-brooklyn.menu-world.com/,,,,resolved,LORE - Brooklyn: A Culinary Fusion Experience in Park Slope,"Located at 441 7th Ave, Brooklyn, NY 11215, this extraordinary restaurant redefines the boundaries of Indian cuisine, expertly blending traditional flavors ...",LORE NYC restaurant official site
Red Hook Tavern,https://red-hook-tavern.weeblyte.com/,,,,resolved,Red Hook Tavern - American restaurant in New York State ...,"Address: 329 Van Brunt St, Brooklyn, NY 11231, United States. Social Media. Suggest an Edit. This is not the official website. Content is updated by the ...",Red Hook Tavern NYC restaurant official site
Lingo,https://www.lingobk.com/,,,,resolved,"Lingo | Japanese-American Restaurant in Brooklyn, NY",Lingo offers a unique blend of Japanese American cuisine in the Greenpoint neighborhood of Brooklyn.,Lingo NYC restaurant official site
Place des Fêtes,https://place-des-fetes.goto-restaurants.com/,,,,resolved,Place Des Fêtes | Authentic Brooklyn Restaurant at 212 ...,"Place Des Fêtes offers a unique dining experience in Brooklyn, NY, combining flavorful cuisine with a warm atmosphere. Visit 212 Greene Ave for memorable ...",Place des Fêtes NYC restaurant official site
Bonnie's,https://www.bonniesbrooklyn.com/,,,,resolved,Bonnie's - Cantonese American Restaurant,"Bonnie's is a Cantonese American restaurant from Calvin Eng located in Williamsburg, Brooklyn. Check us out on Instagram @bonniesbrooklyn or shoot us an ...",Bonnie's NYC restaurant official site
Olmo,https://www.olmobk.com/,,,,resolved,OLMO,"cantina neoyorquina ; 103 Saratoga Ave BK, NY 11233. info@olmobk.com ; Hours. Wed, Thurs, Sun 5-10pm. Fri-Sat 5-11pm ; ⚡.",Olmo NYC restaurant official site
Taqueria El Chato,https://taqueria-el-chato.menu-world.com/,,,,resolved,Taqueria El Chato: Exceptional Tacos in the Heart of Brooklyn,"Discover Taqueria El Chato, your go-to taco haven at 620 Manhattan Ave. Indulge in mouthwatering, generously portioned tacos crafted from fresh, ...",Taqueria El Chato NYC restaurant official site
Haenyeo,https://haenyeobk.com/,,,,resolved,Haenyeo Restaurant,"Incorporating a bounty of fresh foods, Haenyeo's main focus is creating everyday Korean dishes that are deliciously authentic with a touch of urban influence.",Haenyeo NYC restaurant official site
?ka Ka Q?llu,https://ckakaqellue.com/,,,,resolved,"Çka Ka Qëllue - 118 E 31st St, New York, NY 10016",Çka ka Qëllu restaurant offers a modern selection of popular dishes and desserts inspired by the rich flavors of Mediterranean cuisine.,?ka Ka Q?llu NYC restaurant official site
Yemenat,https://yemenat.weeblyte.com/,,,,resolved,Yemenat - Yemeni restaurant in City of New York - Website,"Address: 7721 5th Ave, Brooklyn, NY 11209, United States Phone: +1 718 491 5600. Social Media. Suggest an Edit. This is not the official website. Content is ...",Yemenat NYC restaurant official site
Maria Restaurant,https://www.mariasonbell.com/,,,,resolved,Seafood Restaurant | Maria's Mediterranean | New York,Maria's is open for indoor and outdoor dining 7 Days a week for Lunch & Dinner free parking available in our lot located on 213 street between 38th and 39th ave ...,Maria Restaurant NYC restaurant official site
The Four Horsemen,https://the-four-horsemen.weeblyte.com/,,,,resolved,The Four Horsemen - Restaurant in City Of New York - Website,"Address: 295 Grand St, Brooklyn, NY 11211, United States Phone: +1 718 599 4900. Social Media. Suggest an Edit. This is not the official website. Content is ...",The Four Horsemen NYC restaurant official site
Sofreh,https://sofreh.weeblyte.com/,,,,resolved,Sofreh - Persian restaurant in City Of New York - Website,"Fresh ingredients take center stage at Sofreh, with dishes thoughtfully crafted to reflect traditional Persian cooking while incorporating modern techniques.",Sofreh NYC restaurant official site
Hart's,https://www.hartsbrooklyn.com/,,,,resolved,Hart's,"506 FRANKLIN AVENUE Brooklyn, NY 11238 (718) 636-6228 · ciao@hartsbrooklyn.com. PART OF THE FAMILY HART'S, CERVO'S, THE FLY, EEL BAR, MINNOW · Accessibility.",Hart's NYC restaurant official site
Dubrovnik,https://dubrovnikny.com/,,,,resolved,"Dubrovnik - New Rochelle, NY","Welcome to Dubrovnik Restaurant. We miss Croatia. We miss the smell of the sea, the fishing culture and the sounds of our mothers grilling whatever was freshly ...",Dubrovnik NYC restaurant official site
East Harbor Seafood Palace,https://eastharborseafoodpalace.us/,,,,resolved,East Harbor Seafood Palace: Home,"... NYC. Michelin Breakthrough, Tim Ho Wan brought the global, Michelin star dim sum brand to Manhattan in 2016, shifting expectations about pricing and prestige.",East Harbor Seafood Palace NYC restaurant official site
Seis Vecinos,https://www.seisvecinos.com/,,,,resolved,Seis Vecinos Restaurant | Central American & Mexican ...,Authentic Central American & Mexican Cuisine. We are Open! Indoor & Outdoor seating available. Kitchen Open for Delivery & Takeout 7 Days.,Seis Vecinos NYC restaurant official site
Taverna Kyclades,https://www.tavernakyclades.com/,,,,resolved,Taverna Kyclades,"Taverna Kyclades, in Astoria Queens, is one of the top Greek restaurants in New York City. Since we launched we have always served fresh food, made with the ...",Taverna Kyclades NYC restaurant official site
Runner & Stone,http://www.runnerandstone.com/,,,,resolved,Runner & Stone,"Runner & Stone services the Gowanus neighborhood as a wholesale & retail bakery, restaurant and bar. We bake all of our bread and pastries in house.",Runner & Stone NYC restaurant official site
Theodora,https://www.theodoranyc.com/,,,,resolved,Theodora,"Theodora is the latest restaurant from chef/owner Tomer Blechman, also of the popular Mediterranean restaurant Miss Ada in Fort Greene.",Theodora NYC restaurant official site
R40,https://www.r40lic.com/,,,,resolved,R40,R40 is an innovative Argentinian restaurant located in the heart of Long island city. We feature an open kitchen equipped with a custom parrilla.,R40 NYC restaurant official site
Win Son,https://winsonbrooklyn.com/,,,,resolved,Win Son,taiwanese-american restaurant and bakery.,Win Son NYC restaurant official site
Saint Julivert Fisherie,https://www.saintjulivertbk.com/,,,,resolved,Saint Julivert Fisherie,"A seafood haven in Brooklyn, Saint Julivert. A fisherie that blends global coastal influences, offering a distinctive experience.",Saint Julivert Fisherie NYC restaurant official site
Gus's Chop House,https://www.gusbrooklyn.com/,,,,resolved,"Gus's | Neighborhood Restaurant in Brooklyn, NY",Welcome to Gus's. A neighborhood restaurant serving honest food and wine at the heart of Brooklyn's Carroll Gardens.,Gus's Chop House NYC restaurant official site
Meadowsweet,http://www.meadowsweetnyc.com/,,,,resolved,meadowsweet - kitchen and bar - williamsburg brooklyn,Meadowsweet is a Michelin star rated american restaurant in Williamsburg Brooklyn opened in 2014 by chef and owner Polo Dobkin along with Stephanie Lempert ...,Meadowsweet NYC restaurant official site
Alta Calidad,https://altacalidadbk.com/,,,,resolved,"Alta Calidad - Brooklyn, New York's Best Mexican Restaurant",Alta Calidad is located in the Prospect Heights neighborhood of Brooklyn where Chef Akhtar Nawab is cooking innovative Mexican cuisine.,Alta Calidad NYC restaurant official site
Roberta's,https://www.robertaspizza.com/,,,,resolved,Roberta's Pizza | Neapolitan Pizza in NYC & LA,"Authentic Neapolitan-style pizza with quality ingredients. Order delivery, catering, or book a table at our NYC & LA locations. Vegan & gluten-free options.",Roberta's NYC restaurant official site
Tanoreen,http://tanoreen.com/,,,,resolved,Tanoreen Restaurant & Caterers | Best Middle Eastern ...,Toggle navigation tanoreen.com. Order Online · Menus · Specials · Daily Menu · Drinks · Desserts · Catering · Catering Menu · Catering Request Form.,Tanoreen NYC restaurant official site
Alley 41,https://alley41.restaurants-us.com/,,,,resolved,"Alley 41 | Chinese Restaurant in Flushing, NY – Reviews ...",Enjoy a diverse menu and vibrant atmosphere perfect for food lovers. This is not an official website. Content updated by the community. If you are the owner ...,Alley 41 NYC restaurant official site
Chuan Tian Xia,https://chuantianxiany.com/,,,,resolved,Chuan Tian Xia,"Chuan World Restaurant in Brooklyn, NY. Everything is prepared with high quality, rich taste and fresh food waiting for you to be served.",Chuan Tian Xia NYC restaurant official site
Enso,https://ensomakase.com/,,,,resolved,Ensō Omakase,"Multi-course Baja-Mae experience crafted with only locally and responsibly sourced ingredients, straight from Baja California and our 3 gardens.",Enso NYC restaurant official site
Shota Omakase,https://shotaomakase.com/,,,,resolved,Shota Omakase,"Shota blends traditional Edomae sushi with modern innovation, using the finest ingredients to create an unforgettable dining experience.",Shota Omakase NYC restaurant official site
Neta Shari,https://www.netashari.nyc/,,,,resolved,Neta Shari,"1718 86th Street Brooklyn, NY 11214 347-210-8438 info@netashari.nyc. Hours of Operations Wednesday - Sunday 5PM - 9PM.",Neta Shari NYC restaurant official site
Restaurant Yuu,https://restaurantyuu.restaurants-us.com/,,,,resolved,"Restaurant Yuu Menu & Reviews in Brooklyn, NY","Restaurant Yuu is a charming French restaurant located at 55 Nassau Ave #1A, Brooklyn, NY ... This is not an official website. Content updated by the community.",Restaurant Yuu NYC restaurant official site
Tobalá,https://www.tobalanyc.com/,,,,resolved,"Tobalá | Mexican Restaurant in The Bronx, New York","3732 Riverdale Avenue, Bronx, NY 10463 (347) 427-6889. Monday - Thursday: 5pm to 10pm | Friday - Saturday: 5pm to 11pm. Sunday Brunch: 1pm to 4pm | Sunday ...",Tobalá NYC restaurant official site
Mesiba,https://www.mesibabk.com/,,,,resolved,"Mesiba | Levantine Restaurant in Brooklyn, NY","Mesiba features contemporary Levantine cuisine and innovative, vibrant cocktails in an eclectic and lively design-forward atmosphere.",Mesiba NYC restaurant official site
Zaab Zaab,https://zaabzaabnyc.com/,,,,resolved,Zaab Zaab | Best Thai food in New York | Thai food near me,"Zaab Zaab: the best Thai food in New York and other locations. Order directly online today for takeout or delivery. Save money, support local business!",Zaab Zaab NYC restaurant official site
Uzuki,https://www.uzuki-ny.com/,,,,resolved,Uzuki: Main Page,"Welcome to the world of Soba Noodles at Uzuki, Greenpoint. We invite you to experience the best craftsmanship of 100% buckwheat noodles in the US.",Uzuki NYC restaurant official site
KRU,https://www.krubrooklyn.com/,,,,resolved,Kru,"NEW! Delivery & Takeout. Delivery & Takeout · Hours. Mon 5:30-9. Tue 5:30-9 · Location. 190 N 14 St, Brooklyn, NY 11249. North Williamsburg/ Greenpoint · Gift Card.",KRU NYC restaurant official site
Wenwen,https://wenwen.menu-res.com/,,,,resolved,"Wenwen Reviews - Read Full Reviews, Menu, Photos, Location","Perfect for casual dining and tasty adventures! This is not an official website. Content updated by the community. If you are the owner, please contact us!",Wenwen NYC restaurant official site
Laser Wolf,https://www.laserwolfbrooklyn.com/,,,,resolved,Laser Wolf | Israeli Rooftop Restaurant | The Hoxton ...,"Located on the roof of The Hoxton, Williamsburg, Laser Wolf offers award-winning Israeli cuisine cooked over live coals, top-notch cocktails, and uninterrupted ...",Laser Wolf NYC restaurant official site
Sobre Masa,https://sobremasa.com/,,,,resolved,Sobre Masa - Tortilleria & Restaurant,"Sobre Masa is a restaurant in Bushwick Brooklyn, serving a cuisine inspired and rooted in Mexican flavors while celebrating heirloom corn from all Mexico in ...",Sobre Masa NYC restaurant official site
Runner Up,https://runner-up.wheree.com/,,,,resolved,"Runner Up - Reviews, Photos & Phone Number - Updated ...",Runner Up offers a creative and seasonal menu that consistently delights with high-quality dishes and excellent presentation. The attentive and knowledgeable ...,Runner Up NYC restaurant official site
